  Yr, Mn,Date,C13,seasonally adjusted,fit,seasonally adjusted fit,C13  filled,seasonally adjusted filled
1985,1,1985.0411,-99.99,-99.99,-99.99,-99.99,-99.99,-99.99
1985,2,1985.126,-99.99,-99.99,-99.99,-99.99,-99.99,-99.99
1985,3,1985.2027,-99.99,-99.99,-99.99,-99.99,-99.99,-99.99
1985,4,1985.2877,-99.99,-99.99,-99.99,-99.99,-99.99,-99.99
1985,5,1985.3699,-7.63,-7.63,-7.62,-7.62,-7.63,-7.63
1985,6,1985.4548,-99.99,-99.99,-7.62,-7.62,-7.62,-7.62
1985,7,1985.537,-7.64,-7.63,-7.62,-7.62,-7.64,-7.63
1985,8,1985.6219,-99.99,-99.99,-7.63,-7.62,-7.63,-7.62
1985,9,1985.7068,-99.99,-99.99,-7.63,-7.62,-7.63,-7.62
1985,10,1985.789,-7.67,-7.67,-7.63,-7.62,-7.67,-7.67
1985,11,1985.874,-99.99,-99.99,-7.62,-7.62,-7.62,-7.62
1985,12,1985.9562,-7.61,-7.61,-7.62,-7.62,-7.61,-7.61
1986,1,1986.0411,-7.57,-7.58,-7.62,-7.62,-7.57,-7.58
1986,2,1986.126,-99.99,-99.99,-7.62,-7.62,-7.62,-7.62
1986,3,1986.2027,-7.58,-7.59,-7.62,-7.63,-7.58,-7.59
1986,4,1986.2877,-99.99,-99.99,-7.62,-7.63,-7.62,-7.63
1986,5,1986.3699,-7.65,-7.65,-7.63,-7.63,-7.65,-7.65
1986,6,1986.4548,-99.99,-99.99,-7.64,-7.63,-7.64,-7.63
1986,7,1986.537,-99.99,-99.99,-7.64,-7.64,-7.64,-7.64
1986,8,1986.6219,-7.63,-7.62,-7.65,-7.64,-7.63,-7.62
1986,9,1986.7068,-7.65,-7.64,-7.65,-7.64,-7.65,-7.64
1986,10,1986.789,-99.99,-99.99,-7.65,-7.65,-7.65,-7.65
1986,11,1986.874,-7.57,-7.57,-7.65,-7.65,-7.57,-7.57
1986,12,1986.9562,-99.99,-99.99,-7.65,-7.65,-7.65,-7.65
1987,1,1987.0411,-99.99,-99.99,-7.65,-7.66,-7.65,-7.66
1987,2,1987.126,-7.66,-7.67,-7.65,-7.66,-7.66,-7.67
1987,3,1987.2027,-7.7,-7.71,-7.66,-7.66,-7.7,-7.71
1987,4,1987.2877,-99.99,-99.99,-7.66,-7.67,-7.66,-7.67
1987,5,1987.3699,-7.75,-7.75,-7.67,-7.67,-7.75,-7.75
1987,6,1987.4548,-7.66,-7.65,-7.68,-7.67,-7.66,-7.65
1987,7,1987.537,-7.68,-7.68,-7.68,-7.68,-7.68,-7.68
1987,8,1987.6219,-7.63,-7.62,-7.69,-7.68,-7.63,-7.62
1987,9,1987.7068,-7.65,-7.64,-7.69,-7.68,-7.65,-7.64
1987,10,1987.789,-7.68,-7.68,-7.69,-7.69,-7.68,-7.68
1987,11,1987.874,-7.69,-7.69,-7.69,-7.69,-7.69,-7.69
1987,12,1987.9562,-7.68,-7.68,-7.69,-7.69,-7.68,-7.68
1988,1,1988.041,-7.74,-7.75,-7.69,-7.7,-7.74,-7.75
1988,2,1988.1257,-7.68,-7.69,-7.69,-7.7,-7.68,-7.69
1988,3,1988.2049,-7.69,-7.7,-7.7,-7.71,-7.69,-7.7
1988,4,1988.2896,-7.71,-7.72,-7.7,-7.71,-7.71,-7.72
1988,5,1988.3716,-7.75,-7.75,-7.71,-7.71,-7.75,-7.75
1988,6,1988.4563,-7.72,-7.72,-7.72,-7.72,-7.72,-7.72
1988,7,1988.5383,-7.79,-7.79,-7.73,-7.72,-7.79,-7.79
1988,8,1988.623,-99.99,-99.99,-7.73,-7.72,-7.73,-7.72
1988,9,1988.7077,-99.99,-99.99,-7.73,-7.73,-7.73,-7.73
1988,10,1988.7896,-7.66,-7.66,-7.73,-7.73,-7.66,-7.66
1988,11,1988.8743,-7.73,-7.73,-7.73,-7.73,-7.73,-7.73
1988,12,1988.9563,-99.99,-99.99,-7.73,-7.73,-7.73,-7.73
1989,1,1989.0411,-99.99,-99.99,-7.73,-7.74,-7.73,-7.74
1989,2,1989.126,-7.74,-7.75,-7.73,-7.74,-7.74,-7.75
1989,3,1989.2027,-7.72,-7.73,-7.73,-7.74,-7.72,-7.73
1989,4,1989.2877,-7.74,-7.75,-7.74,-7.74,-7.74,-7.75
1989,5,1989.3699,-7.68,-7.68,-7.74,-7.75,-7.68,-7.68
1989,6,1989.4548,-99.99,-99.99,-7.75,-7.75,-7.75,-7.75
1989,7,1989.537,-99.99,-99.99,-7.76,-7.75,-7.76,-7.75
1989,8,1989.6219,-99.99,-99.99,-7.76,-7.75,-7.76,-7.75
1989,9,1989.7068,-7.78,-7.78,-7.76,-7.76,-7.78,-7.78
1989,10,1989.789,-99.99,-99.99,-7.77,-7.76,-7.77,-7.76
1989,11,1989.874,-7.79,-7.79,-7.76,-7.76,-7.79,-7.79
1989,12,1989.9562,-7.75,-7.75,-7.76,-7.76,-7.75,-7.75
1990,1,1990.0411,-7.74,-7.75,-7.76,-7.77,-7.74,-7.75
1990,2,1990.126,-99.99,-99.99,-7.76,-7.77,-7.76,-7.77
1990,3,1990.2027,-7.79,-7.8,-7.76,-7.77,-7.79,-7.8
1990,4,1990.2877,-7.72,-7.72,-7.77,-7.77,-7.72,-7.72
1990,5,1990.3699,-99.99,-99.99,-7.77,-7.77,-7.77,-7.77
1990,6,1990.4548,-7.79,-7.79,-7.78,-7.77,-7.79,-7.79
1990,7,1990.537,-99.99,-99.99,-7.78,-7.77,-7.78,-7.77
1990,8,1990.6219,-7.77,-7.76,-7.78,-7.77,-7.77,-7.76
1990,9,1990.7068,-7.83,-7.82,-7.78,-7.77,-7.83,-7.82
1990,10,1990.789,-7.74,-7.74,-7.78,-7.77,-7.74,-7.74
1990,11,1990.874,-7.83,-7.82,-7.77,-7.77,-7.83,-7.82
1990,12,1990.9562,-99.99,-99.99,-7.77,-7.77,-7.77,-7.77
1991,1,1991.0411,-7.76,-7.76,-7.76,-7.77,-7.76,-7.76
1991,2,1991.126,-7.73,-7.74,-7.76,-7.76,-7.73,-7.74
1991,3,1991.2027,-7.72,-7.72,-7.75,-7.76,-7.72,-7.72
1991,4,1991.2877,-7.74,-7.74,-7.76,-7.76,-7.74,-7.74
1991,5,1991.3699,-7.74,-7.74,-7.76,-7.76,-7.74,-7.74
1991,6,1991.4548,-7.78,-7.78,-7.76,-7.76,-7.78,-7.78
1991,7,1991.537,-7.76,-7.75,-7.76,-7.76,-7.76,-7.75
1991,8,1991.6219,-99.99,-99.99,-7.77,-7.76,-7.77,-7.76
1991,9,1991.7068,-7.74,-7.74,-7.77,-7.76,-7.74,-7.74
1991,10,1991.789,-7.71,-7.7,-7.77,-7.76,-7.71,-7.7
1991,11,1991.874,-7.69,-7.69,-7.76,-7.76,-7.69,-7.69
1991,12,1991.9562,-99.99,-99.99,-7.76,-7.77,-7.76,-7.77
1992,1,1992.041,-7.75,-7.76,-7.76,-7.77,-7.75,-7.76
1992,2,1992.1257,-7.73,-7.74,-7.76,-7.77,-7.73,-7.74
1992,3,1992.2049,-7.79,-7.8,-7.77,-7.77,-7.79,-7.8
1992,4,1992.2896,-7.8,-7.81,-7.77,-7.78,-7.8,-7.81
1992,5,1992.3716,-7.79,-7.79,-7.78,-7.78,-7.79,-7.79
1992,6,1992.4563,-7.86,-7.86,-7.78,-7.78,-7.86,-7.86
1992,7,1992.5383,-7.82,-7.81,-7.79,-7.78,-7.82,-7.81
1992,8,1992.623,-7.84,-7.83,-7.79,-7.78,-7.84,-7.83
1992,9,1992.7077,-7.8,-7.8,-7.79,-7.78,-7.8,-7.8
1992,10,1992.7896,-7.77,-7.77,-7.78,-7.78,-7.77,-7.77
1992,11,1992.8743,-7.78,-7.78,-7.78,-7.78,-7.78,-7.78
1992,12,1992.9563,-99.99,-99.99,-7.77,-7.77,-7.77,-7.77
1993,1,1993.0411,-7.75,-7.75,-7.76,-7.77,-7.75,-7.75
1993,2,1993.126,-7.73,-7.74,-7.76,-7.77,-7.73,-7.74
1993,3,1993.2027,-99.99,-99.99,-7.76,-7.77,-7.76,-7.77
1993,4,1993.2877,-7.75,-7.75,-7.76,-7.77,-7.75,-7.75
1993,5,1993.3699,-7.76,-7.76,-7.77,-7.77,-7.76,-7.76
1993,6,1993.4548,-7.73,-7.72,-7.77,-7.77,-7.73,-7.72
1993,7,1993.537,-7.77,-7.77,-7.77,-7.77,-7.77,-7.77
1993,8,1993.6219,-7.76,-7.75,-7.78,-7.77,-7.76,-7.75
1993,9,1993.7068,-7.8,-7.79,-7.78,-7.77,-7.8,-7.79
1993,10,1993.789,-7.77,-7.77,-7.78,-7.77,-7.77,-7.77
1993,11,1993.874,-7.8,-7.8,-7.78,-7.78,-7.8,-7.8
1993,12,1993.9562,-7.77,-7.77,-7.78,-7.78,-7.77,-7.77
1994,1,1994.0411,-7.74,-7.75,-7.78,-7.78,-7.74,-7.75
1994,2,1994.126,-7.79,-7.8,-7.78,-7.78,-7.79,-7.8
1994,3,1994.2027,-7.81,-7.82,-7.78,-7.79,-7.81,-7.82
1994,4,1994.2877,-7.8,-7.81,-7.78,-7.79,-7.8,-7.81
1994,5,1994.3699,-7.8,-7.8,-7.79,-7.79,-7.8,-7.8
1994,6,1994.4548,-7.78,-7.78,-7.8,-7.79,-7.78,-7.78
1994,7,1994.537,-7.84,-7.84,-7.8,-7.79,-7.84,-7.84
1994,8,1994.6219,-7.86,-7.85,-7.8,-7.79,-7.86,-7.85
1994,9,1994.7068,-7.85,-7.84,-7.8,-7.79,-7.85,-7.84
1994,10,1994.789,-7.86,-7.86,-7.8,-7.79,-7.86,-7.86
1994,11,1994.874,-99.99,-99.99,-7.8,-7.79,-7.8,-7.79
1994,12,1994.9562,-7.7,-7.7,-7.79,-7.79,-7.7,-7.7
1995,1,1995.0411,-7.75,-7.76,-7.79,-7.8,-7.75,-7.76
1995,2,1995.126,-7.71,-7.72,-7.79,-7.8,-7.71,-7.72
1995,3,1995.2027,-7.8,-7.81,-7.79,-7.8,-7.8,-7.81
1995,4,1995.2877,-7.78,-7.78,-7.79,-7.8,-7.78,-7.78
1995,5,1995.3699,-7.75,-7.75,-7.8,-7.8,-7.75,-7.75
1995,6,1995.4548,-99.99,-99.99,-7.81,-7.8,-7.81,-7.8
1995,7,1995.537,-7.81,-7.8,-7.81,-7.81,-7.81,-7.8
1995,8,1995.6219,-7.83,-7.83,-7.82,-7.81,-7.83,-7.83
1995,9,1995.7068,-7.85,-7.84,-7.82,-7.82,-7.85,-7.84
1995,10,1995.789,-7.79,-7.79,-7.82,-7.82,-7.79,-7.79
1995,11,1995.874,-7.82,-7.82,-7.82,-7.82,-7.82,-7.82
1995,12,1995.9562,-7.85,-7.86,-7.82,-7.83,-7.85,-7.86
1996,1,1996.041,-7.8,-7.81,-7.82,-7.83,-7.8,-7.81
1996,2,1996.1257,-7.86,-7.87,-7.83,-7.84,-7.86,-7.87
1996,3,1996.2049,-99.99,-99.99,-7.83,-7.84,-7.83,-7.84
1996,4,1996.2896,-7.82,-7.83,-7.84,-7.84,-7.82,-7.83
1996,5,1996.3716,-7.86,-7.86,-7.84,-7.84,-7.86,-7.86
1996,6,1996.4563,-7.9,-7.9,-7.85,-7.85,-7.9,-7.9
1996,7,1996.5383,-7.85,-7.84,-7.85,-7.85,-7.85,-7.84
1996,8,1996.623,-7.89,-7.88,-7.86,-7.85,-7.89,-7.88
1996,9,1996.7077,-99.99,-99.99,-7.86,-7.85,-7.86,-7.85
1996,10,1996.7896,-7.84,-7.83,-7.86,-7.85,-7.84,-7.83
1996,11,1996.8743,-7.87,-7.87,-7.86,-7.85,-7.87,-7.87
1996,12,1996.9563,-7.92,-7.92,-7.85,-7.86,-7.92,-7.92
1997,1,1997.0411,-99.99,-99.99,-7.85,-7.86,-7.85,-7.86
1997,2,1997.126,-99.99,-99.99,-7.85,-7.86,-7.85,-7.86
1997,3,1997.2027,-7.8,-7.81,-7.85,-7.86,-7.8,-7.81
1997,4,1997.2877,-7.83,-7.84,-7.86,-7.86,-7.83,-7.84
1997,5,1997.3699,-7.83,-7.83,-7.87,-7.87,-7.83,-7.83
1997,6,1997.4548,-7.85,-7.84,-7.87,-7.87,-7.85,-7.84
1997,7,1997.537,-99.99,-99.99,-7.88,-7.88,-7.88,-7.88
1997,8,1997.6219,-7.91,-7.9,-7.89,-7.88,-7.91,-7.9
1997,9,1997.7068,-7.83,-7.82,-7.9,-7.89,-7.83,-7.82
1997,10,1997.789,-99.99,-99.99,-7.9,-7.89,-7.9,-7.89
1997,11,1997.874,-99.99,-99.99,-7.9,-7.9,-7.9,-7.9
1997,12,1997.9562,-99.99,-99.99,-7.9,-7.91,-7.9,-7.91
1998,1,1998.0411,-7.94,-7.94,-7.91,-7.91,-7.94,-7.94
1998,2,1998.126,-7.93,-7.93,-7.91,-7.92,-7.93,-7.93
1998,3,1998.2027,-7.91,-7.92,-7.92,-7.93,-7.91,-7.92
1998,4,1998.2877,-7.95,-7.95,-7.93,-7.93,-7.95,-7.95
1998,5,1998.3699,-7.92,-7.92,-7.94,-7.94,-7.92,-7.92
1998,6,1998.4548,-99.99,-99.99,-7.95,-7.94,-7.95,-7.94
1998,7,1998.537,-7.96,-7.96,-7.96,-7.95,-7.96,-7.96
1998,8,1998.6219,-7.96,-7.95,-7.96,-7.96,-7.96,-7.95
1998,9,1998.7068,-7.98,-7.97,-7.97,-7.96,-7.98,-7.97
1998,10,1998.789,-99.99,-99.99,-7.97,-7.96,-7.97,-7.96
1998,11,1998.874,-99.99,-99.99,-7.97,-7.97,-7.97,-7.97
1998,12,1998.9562,-7.99,-7.99,-7.97,-7.97,-7.99,-7.99
1999,1,1999.0411,-8.01,-8.02,-7.97,-7.97,-8.01,-8.02
1999,2,1999.126,-8.05,-8.06,-7.97,-7.97,-8.05,-8.06
1999,3,1999.2027,-99.99,-99.99,-7.97,-7.97,-7.97,-7.97
1999,4,1999.2877,-7.93,-7.93,-7.97,-7.97,-7.93,-7.93
1999,5,1999.3699,-7.96,-7.96,-7.97,-7.98,-7.96,-7.96
1999,6,1999.4548,-7.96,-7.96,-7.98,-7.98,-7.96,-7.96
1999,7,1999.537,-7.99,-7.98,-7.98,-7.98,-7.99,-7.98
1999,8,1999.6219,-99.99,-99.99,-7.98,-7.97,-7.98,-7.97
1999,9,1999.7068,-99.99,-99.99,-7.98,-7.97,-7.98,-7.97
1999,10,1999.789,-8,-7.99,-7.98,-7.97,-8,-7.99
1999,11,1999.874,-7.96,-7.96,-7.97,-7.97,-7.96,-7.96
1999,12,1999.9562,-7.96,-7.96,-7.97,-7.97,-7.96,-7.96
2000,1,2000.041,-7.98,-7.99,-7.97,-7.97,-7.98,-7.99
2000,2,2000.1257,-99.99,-99.99,-7.96,-7.97,-7.96,-7.97
2000,3,2000.2049,-7.97,-7.98,-7.96,-7.97,-7.97,-7.98
2000,4,2000.2896,-99.99,-99.99,-7.96,-7.97,-7.96,-7.97
2000,5,2000.3716,-7.96,-7.96,-7.97,-7.97,-7.96,-7.96
2000,6,2000.4563,-99.99,-99.99,-7.97,-7.97,-7.97,-7.97
2000,7,2000.5383,-8,-7.99,-7.97,-7.97,-8,-7.99
2000,8,2000.623,-7.94,-7.93,-7.98,-7.97,-7.94,-7.93
2000,9,2000.7077,-99.99,-99.99,-7.98,-7.97,-7.98,-7.97
2000,10,2000.7896,-7.96,-7.96,-7.97,-7.97,-7.96,-7.96
2000,11,2000.8743,-8,-8,-7.97,-7.97,-8,-8
2000,12,2000.9563,-99.99,-99.99,-7.97,-7.97,-7.97,-7.97
2001,1,2001.0411,-99.99,-99.99,-7.96,-7.97,-7.96,-7.97
2001,2,2001.126,-99.99,-99.99,-7.96,-7.97,-7.96,-7.97
2001,3,2001.2027,-7.95,-7.95,-7.97,-7.97,-7.95,-7.95
2001,4,2001.2877,-7.96,-7.97,-7.97,-7.97,-7.96,-7.97
2001,5,2001.3699,-7.98,-7.98,-7.98,-7.98,-7.98,-7.98
2001,6,2001.4548,-7.95,-7.95,-7.98,-7.98,-7.95,-7.95
2001,7,2001.537,-99.99,-99.99,-7.99,-7.98,-7.99,-7.98
2001,8,2001.6219,-99.99,-99.99,-7.99,-7.99,-7.99,-7.99
2001,9,2001.7068,-7.97,-7.96,-8,-7.99,-7.97,-7.96
2001,10,2001.789,-8,-7.99,-8,-7.99,-8,-7.99
2001,11,2001.874,-99.99,-99.99,-8,-8,-8,-8
2001,12,2001.9562,-99.99,-99.99,-8,-8,-8,-8
2002,1,2002.0411,-99.99,-99.99,-8,-8.01,-8,-8.01
2002,2,2002.126,-99.99,-99.99,-8,-8.01,-8,-8.01
2002,3,2002.2027,-99.99,-99.99,-8.01,-8.02,-8.01,-8.02
2002,4,2002.2877,-99.99,-99.99,-8.02,-8.02,-8.02,-8.02
2002,5,2002.3699,-8.02,-8.02,-8.03,-8.03,-8.02,-8.02
2002,6,2002.4548,-99.99,-99.99,-8.03,-8.03,-8.03,-8.03
2002,7,2002.537,-8.06,-8.06,-8.04,-8.04,-8.06,-8.06
2002,8,2002.6219,-99.99,-99.99,-8.05,-8.04,-8.05,-8.04
2002,9,2002.7068,-99.99,-99.99,-8.05,-8.04,-8.05,-8.04
2002,10,2002.789,-8.07,-8.07,-8.05,-8.05,-8.07,-8.07
2002,11,2002.874,-8.06,-8.06,-8.05,-8.05,-8.06,-8.06
2002,12,2002.9562,-99.99,-99.99,-8.05,-8.06,-8.05,-8.06
2003,1,2003.0411,-8.06,-8.06,-8.05,-8.06,-8.06,-8.06
2003,2,2003.126,-99.99,-99.99,-8.05,-8.06,-8.05,-8.06
2003,3,2003.2027,-99.99,-99.99,-8.06,-8.06,-8.06,-8.06
2003,4,2003.2877,-8.06,-8.06,-8.06,-8.07,-8.06,-8.06
2003,5,2003.3699,-8.06,-8.06,-8.07,-8.07,-8.06,-8.06
2003,6,2003.4548,-8.09,-8.08,-8.08,-8.07,-8.09,-8.08
2003,7,2003.537,-99.99,-99.99,-8.08,-8.07,-8.08,-8.07
2003,8,2003.6219,-8.08,-8.07,-8.09,-8.08,-8.08,-8.07
2003,9,2003.7068,-99.99,-99.99,-8.09,-8.08,-8.09,-8.08
2003,10,2003.789,-8.08,-8.07,-8.09,-8.08,-8.08,-8.07
2003,11,2003.874,-99.99,-99.99,-8.08,-8.08,-8.08,-8.08
2003,12,2003.9562,-99.99,-99.99,-8.08,-8.08,-8.08,-8.08
2004,1,2004.041,-99.99,-99.99,-8.08,-8.09,-8.08,-8.09
2004,2,2004.1257,-99.99,-99.99,-8.08,-8.09,-8.08,-8.09
2004,3,2004.2049,-8.1,-8.1,-8.08,-8.09,-8.1,-8.1
2004,4,2004.2896,-8.09,-8.1,-8.09,-8.09,-8.09,-8.1
2004,5,2004.3716,-99.99,-99.99,-8.09,-8.09,-8.09,-8.09
2004,6,2004.4563,-8.04,-8.04,-8.1,-8.09,-8.04,-8.04
2004,7,2004.5383,-8.12,-8.12,-8.1,-8.09,-8.12,-8.12
2004,8,2004.623,-99.99,-99.99,-8.1,-8.09,-8.1,-8.09
2004,9,2004.7077,-99.99,-99.99,-8.1,-8.1,-8.1,-8.1
2004,10,2004.7896,-99.99,-99.99,-8.1,-8.1,-8.1,-8.1
2004,11,2004.8743,-99.99,-99.99,-8.1,-8.1,-8.1,-8.1
2004,12,2004.9563,-8.15,-8.15,-8.1,-8.1,-8.15,-8.15
2005,1,2005.0411,-99.99,-99.99,-8.09,-8.1,-8.09,-8.1
2005,2,2005.126,-8.08,-8.09,-8.09,-8.1,-8.08,-8.09
2005,3,2005.2027,-8.08,-8.09,-8.1,-8.1,-8.08,-8.09
2005,4,2005.2877,-8.03,-8.04,-8.1,-8.1,-8.03,-8.04
2005,5,2005.3699,-8.08,-8.09,-8.11,-8.11,-8.08,-8.09
2005,6,2005.4548,-99.99,-99.99,-8.11,-8.11,-8.11,-8.11
2005,7,2005.537,-99.99,-99.99,-8.12,-8.11,-8.12,-8.11
2005,8,2005.6219,-8.16,-8.15,-8.12,-8.12,-8.16,-8.15
2005,9,2005.7068,-8.1,-8.1,-8.13,-8.12,-8.1,-8.1
2005,10,2005.789,-8.11,-8.1,-8.13,-8.12,-8.11,-8.1
2005,11,2005.874,-8.21,-8.21,-8.13,-8.13,-8.21,-8.21
2005,12,2005.9562,-99.99,-99.99,-8.13,-8.13,-8.13,-8.13
2006,1,2006.0411,-8.13,-8.13,-8.13,-8.13,-8.13,-8.13
2006,2,2006.126,-99.99,-99.99,-8.13,-8.13,-8.13,-8.13
2006,3,2006.2027,-8.13,-8.14,-8.13,-8.14,-8.13,-8.14
2006,4,2006.2877,-8.16,-8.16,-8.13,-8.14,-8.16,-8.16
2006,5,2006.3699,-8.13,-8.13,-8.14,-8.14,-8.13,-8.13
2006,6,2006.4548,-8.13,-8.13,-8.15,-8.14,-8.13,-8.13
2006,7,2006.537,-8.16,-8.15,-8.15,-8.15,-8.16,-8.15
2006,8,2006.6219,-8.17,-8.16,-8.16,-8.15,-8.17,-8.16
2006,9,2006.7068,-99.99,-99.99,-8.16,-8.15,-8.16,-8.15
2006,10,2006.789,-8.14,-8.14,-8.16,-8.15,-8.14,-8.14
2006,11,2006.874,-99.99,-99.99,-8.15,-8.15,-8.15,-8.15
2006,12,2006.9562,-8.16,-8.16,-8.15,-8.15,-8.16,-8.16
2007,1,2007.0411,-99.99,-99.99,-8.15,-8.15,-8.15,-8.15
2007,2,2007.126,-99.99,-99.99,-8.15,-8.15,-8.15,-8.15
2007,3,2007.2027,-99.99,-99.99,-8.15,-8.15,-8.15,-8.15
2007,4,2007.2877,-8.16,-8.17,-8.15,-8.15,-8.16,-8.17
2007,5,2007.3699,-99.99,-99.99,-8.15,-8.15,-8.15,-8.15
2007,6,2007.4548,-8.15,-8.15,-8.16,-8.15,-8.15,-8.15
2007,7,2007.537,-8.14,-8.13,-8.16,-8.16,-8.14,-8.13
2007,8,2007.6219,-8.14,-8.13,-8.16,-8.16,-8.14,-8.13
2007,9,2007.7068,-8.14,-8.13,-8.16,-8.16,-8.14,-8.13
2007,10,2007.789,-8.14,-8.14,-8.16,-8.16,-8.14,-8.14
2007,11,2007.874,-8.18,-8.18,-8.16,-8.16,-8.18,-8.18
2007,12,2007.9562,-8.19,-8.19,-8.16,-8.16,-8.19,-8.19
2008,1,2008.041,-8.18,-8.19,-8.15,-8.16,-8.18,-8.19
2008,2,2008.1257,-99.99,-99.99,-8.15,-8.16,-8.15,-8.16
2008,3,2008.2049,-8.14,-8.15,-8.15,-8.16,-8.14,-8.15
2008,4,2008.2896,-8.12,-8.13,-8.16,-8.16,-8.12,-8.13
2008,5,2008.3716,-99.99,-99.99,-8.16,-8.16,-8.16,-8.16
2008,6,2008.4563,-99.99,-99.99,-8.17,-8.16,-8.17,-8.16
2008,7,2008.5383,-8.18,-8.17,-8.17,-8.16,-8.18,-8.17
2008,8,2008.623,-99.99,-99.99,-8.17,-8.17,-8.17,-8.17
2008,9,2008.7077,-8.2,-8.19,-8.17,-8.17,-8.2,-8.19
2008,10,2008.7896,-8.19,-8.18,-8.19,-8.18,-8.19,-8.18
2008,11,2008.8743,-99.99,-99.99,-8.19,-8.18,-8.19,-8.18
2008,12,2008.9563,-99.99,-99.99,-8.19,-8.18,-8.19,-8.18
2009,1,2009.0411,-8.2,-8.2,-8.18,-8.18,-8.2,-8.2
2009,2,2009.126,-99.99,-99.99,-8.18,-8.18,-8.18,-8.18
2009,3,2009.2027,-8.14,-8.15,-8.17,-8.17,-8.14,-8.15
2009,4,2009.2877,-99.99,-99.99,-8.16,-8.17,-8.16,-8.17
2009,5,2009.3699,-8.17,-8.18,-8.16,-8.17,-8.17,-8.18
2009,6,2009.4548,-99.99,-99.99,-8.16,-8.16,-8.16,-8.16
2009,7,2009.537,-99.99,-99.99,-8.15,-8.16,-8.15,-8.16
2009,8,2009.6219,-8.17,-8.17,-8.15,-8.15,-8.17,-8.17
2009,9,2009.7068,-8.14,-8.13,-8.15,-8.15,-8.14,-8.13
2009,10,2009.789,-8.12,-8.11,-8.15,-8.14,-8.12,-8.11
2009,11,2009.874,-99.99,-99.99,-8.16,-8.15,-8.16,-8.15
2009,12,2009.9562,-8.15,-8.14,-8.16,-8.15,-8.15,-8.14
2010,1,2010.0411,-99.99,-99.99,-8.16,-8.16,-8.16,-8.16
2010,2,2010.126,-8.19,-8.19,-8.17,-8.17,-8.19,-8.19
2010,3,2010.2027,-99.99,-99.99,-8.17,-8.18,-8.17,-8.18
2010,4,2010.2877,-8.18,-8.19,-8.18,-8.18,-8.18,-8.19
2010,5,2010.3699,-8.18,-8.19,-8.18,-8.19,-8.18,-8.19
2010,6,2010.4548,-8.18,-8.19,-8.19,-8.19,-8.18,-8.19
2010,7,2010.537,-8.21,-8.21,-8.2,-8.2,-8.21,-8.21
2010,8,2010.6219,-8.19,-8.19,-8.2,-8.2,-8.19,-8.19
2010,9,2010.7068,-99.99,-99.99,-8.21,-8.21,-8.21,-8.21
2010,10,2010.789,-99.99,-99.99,-8.22,-8.21,-8.22,-8.21
2010,11,2010.874,-99.99,-99.99,-8.22,-8.21,-8.22,-8.21
2010,12,2010.9562,-8.23,-8.22,-8.22,-8.21,-8.23,-8.22
2011,1,2011.0411,-8.24,-8.24,-8.21,-8.21,-8.24,-8.24
2011,2,2011.126,-99.99,-99.99,-8.21,-8.21,-8.21,-8.21
2011,3,2011.2027,-8.19,-8.19,-8.2,-8.2,-8.19,-8.19
2011,4,2011.2877,-99.99,-99.99,-8.19,-8.2,-8.19,-8.2
2011,5,2011.3699,-99.99,-99.99,-8.19,-8.19,-8.19,-8.19
2011,6,2011.4548,-8.14,-8.14,-8.19,-8.19,-8.14,-8.14
2011,7,2011.537,-99.99,-99.99,-8.19,-8.2,-8.19,-8.2
2011,8,2011.6219,-99.99,-99.99,-8.2,-8.2,-8.2,-8.2
2011,9,2011.7068,-8.26,-8.26,-8.2,-8.2,-8.26,-8.26
2011,10,2011.789,-8.21,-8.21,-8.2,-8.2,-8.21,-8.21
2011,11,2011.874,-8.19,-8.19,-8.2,-8.19,-8.19,-8.19
2011,12,2011.9562,-99.99,-99.99,-8.19,-8.19,-8.19,-8.19
2012,1,2012.041,-8.19,-8.18,-8.19,-8.19,-8.19,-8.18
2012,2,2012.1257,-8.17,-8.17,-8.19,-8.19,-8.17,-8.17
2012,3,2012.2049,-8.22,-8.22,-8.2,-8.2,-8.22,-8.22
2012,4,2012.2896,-8.19,-8.19,-8.2,-8.21,-8.19,-8.19
2012,5,2012.3716,-8.19,-8.19,-8.21,-8.22,-8.19,-8.19
2012,6,2012.4563,-8.26,-8.26,-8.22,-8.22,-8.26,-8.26
2012,7,2012.5383,-99.99,-99.99,-8.23,-8.23,-8.23,-8.23
2012,8,2012.623,-8.21,-8.21,-8.23,-8.23,-8.21,-8.21
2012,9,2012.7077,-8.25,-8.25,-8.24,-8.24,-8.25,-8.25
2012,10,2012.7896,-99.99,-99.99,-8.24,-8.24,-8.24,-8.24
2012,11,2012.8743,-99.99,-99.99,-8.25,-8.24,-8.25,-8.24
2012,12,2012.9563,-8.25,-8.25,-8.25,-8.25,-8.25,-8.25
2013,1,2013.0411,-8.26,-8.26,-8.25,-8.25,-8.26,-8.26
2013,2,2013.126,-8.25,-8.25,-8.25,-8.25,-8.25,-8.25
2013,3,2013.2027,-8.25,-8.25,-8.26,-8.26,-8.25,-8.25
2013,4,2013.2877,-99.99,-99.99,-8.26,-8.26,-8.26,-8.26
2013,5,2013.3699,-8.27,-8.27,-8.27,-8.27,-8.27,-8.27
2013,6,2013.4548,-8.28,-8.28,-8.28,-8.28,-8.28,-8.28
2013,7,2013.537,-99.99,-99.99,-8.28,-8.28,-8.28,-8.28
2013,8,2013.6219,-99.99,-99.99,-8.29,-8.29,-8.29,-8.29
2013,9,2013.7068,-8.31,-8.31,-8.29,-8.29,-8.31,-8.31
2013,10,2013.789,-99.99,-99.99,-8.29,-8.29,-8.29,-8.29
2013,11,2013.874,-8.3,-8.3,-8.29,-8.29,-8.3,-8.3
2013,12,2013.9562,-99.99,-99.99,-8.29,-8.29,-8.29,-8.29
2014,1,2014.0411,-8.27,-8.27,-8.29,-8.29,-8.27,-8.27
2014,2,2014.126,-8.26,-8.26,-8.28,-8.28,-8.26,-8.26
2014,3,2014.2027,-8.27,-8.27,-8.28,-8.28,-8.27,-8.27
2014,4,2014.2877,-8.31,-8.31,-8.28,-8.28,-8.31,-8.31
2014,5,2014.3699,-99.99,-99.99,-8.28,-8.28,-8.28,-8.28
2014,6,2014.4548,-99.99,-99.99,-8.28,-8.28,-8.28,-8.28
2014,7,2014.537,-99.99,-99.99,-8.28,-8.28,-8.28,-8.28
2014,8,2014.6219,-8.24,-8.24,-8.29,-8.29,-8.24,-8.24
2014,9,2014.7068,-8.32,-8.32,-8.29,-8.29,-8.32,-8.32
2014,10,2014.789,-99.99,-99.99,-8.3,-8.3,-8.3,-8.3
2014,11,2014.874,-8.27,-8.27,-8.31,-8.31,-8.27,-8.27
2014,12,2014.9562,-8.34,-8.34,-8.32,-8.32,-8.34,-8.34
2015,1,2015.0411,-99.99,-99.99,-8.32,-8.32,-8.32,-8.32
2015,2,2015.126,-8.3,-8.3,-8.33,-8.33,-8.3,-8.3
2015,3,2015.2027,-8.4,-8.4,-8.33,-8.33,-8.4,-8.4
2015,4,2015.2877,-99.99,-99.99,-8.34,-8.33,-8.34,-8.33
2015,5,2015.3699,-99.99,-99.99,-8.34,-8.33,-8.34,-8.33
2015,6,2015.4548,-8.29,-8.29,-8.33,-8.33,-8.29,-8.29
2015,7,2015.537,-8.35,-8.35,-8.34,-8.33,-8.35,-8.35
2015,8,2015.6219,-99.99,-99.99,-8.34,-8.34,-8.34,-8.34
2015,9,2015.7068,-8.36,-8.36,-8.34,-8.34,-8.36,-8.36
2015,10,2015.789,-8.31,-8.31,-8.35,-8.35,-8.31,-8.31
2015,11,2015.874,-8.36,-8.36,-8.36,-8.36,-8.36,-8.36
2015,12,2015.9562,-8.39,-8.39,-8.37,-8.37,-8.39,-8.39
2016,1,2016.041,-8.38,-8.38,-8.38,-8.39,-8.38,-8.38
2016,2,2016.1257,-99.99,-99.99,-8.39,-8.4,-8.39,-8.4
2016,3,2016.2049,-8.44,-8.45,-8.4,-8.41,-8.44,-8.45
2016,4,2016.2896,-99.99,-99.99,-8.41,-8.42,-8.41,-8.42
2016,5,2016.3716,-8.43,-8.43,-8.42,-8.42,-8.43,-8.43
2016,6,2016.4563,-8.41,-8.41,-8.42,-8.42,-8.41,-8.41
2016,7,2016.5383,-99.99,-99.99,-8.42,-8.42,-8.42,-8.42
2016,8,2016.623,-8.43,-8.42,-8.42,-8.41,-8.43,-8.42
2016,9,2016.7077,-99.99,-99.99,-8.42,-8.41,-8.42,-8.41
2016,10,2016.7896,-8.42,-8.41,-8.41,-8.41,-8.42,-8.41
2016,11,2016.8743,-8.38,-8.38,-8.4,-8.4,-8.38,-8.38
2016,12,2016.9563,-99.99,-99.99,-8.4,-8.4,-8.4,-8.4
2017,1,2017.0411,-8.36,-8.37,-8.39,-8.4,-8.36,-8.37
2017,2,2017.126,-8.39,-8.4,-8.39,-8.4,-8.39,-8.4
2017,3,2017.2027,-8.45,-8.46,-8.39,-8.4,-8.45,-8.46
2017,4,2017.2877,-99.99,-99.99,-8.39,-8.4,-8.39,-8.4
2017,5,2017.3699,-99.99,-99.99,-8.4,-8.4,-8.4,-8.4
2017,6,2017.4548,-8.37,-8.36,-8.4,-8.4,-8.37,-8.36
2017,7,2017.537,-8.43,-8.42,-8.41,-8.4,-8.43,-8.42
2017,8,2017.6219,-8.43,-8.42,-8.41,-8.4,-8.43,-8.42
2017,9,2017.7068,-99.99,-99.99,-8.41,-8.4,-8.41,-8.4
2017,10,2017.789,-99.99,-99.99,-8.41,-8.4,-8.41,-8.4
2017,11,2017.874,-8.42,-8.42,-8.4,-8.4,-8.42,-8.42
2017,12,2017.9562,-99.99,-99.99,-8.39,-8.39,-8.39,-8.39
2018,1,2018.0411,-99.99,-99.99,-8.38,-8.39,-8.38,-8.39
2018,2,2018.126,-99.99,-99.99,-8.38,-8.39,-8.38,-8.39
2018,3,2018.2027,-8.36,-8.37,-8.38,-8.39,-8.36,-8.37
2018,4,2018.2877,-8.39,-8.4,-8.39,-8.4,-8.39,-8.4
2018,5,2018.3699,-8.38,-8.39,-8.41,-8.41,-8.38,-8.39
2018,6,2018.4548,-8.42,-8.41,-8.42,-8.42,-8.42,-8.41
2018,7,2018.537,-99.99,-99.99,-8.44,-8.43,-8.44,-8.43
2018,8,2018.6219,-99.99,-99.99,-8.46,-8.45,-8.46,-8.45
2018,9,2018.7068,-8.49,-8.48,-8.47,-8.46,-8.49,-8.48
2018,10,2018.789,-99.99,-99.99,-8.47,-8.46,-8.47,-8.46
2018,11,2018.874,-8.51,-8.51,-8.47,-8.47,-8.51,-8.51
2018,12,2018.9562,-8.51,-8.51,-8.46,-8.46,-8.51,-8.51
2019,1,2019.0411,-8.44,-8.45,-8.45,-8.46,-8.44,-8.45
2019,2,2019.126,-8.41,-8.42,-8.44,-8.45,-8.41,-8.42
2019,3,2019.2027,-8.39,-8.4,-8.44,-8.44,-8.39,-8.4
2019,4,2019.2877,-8.47,-8.47,-8.44,-8.44,-8.47,-8.47
2019,5,2019.3699,-99.99,-99.99,-8.45,-8.45,-8.45,-8.45
2019,6,2019.4548,-99.99,-99.99,-8.46,-8.45,-8.46,-8.45
2019,7,2019.537,-8.5,-8.5,-8.46,-8.46,-8.5,-8.5
2019,8,2019.6219,-8.46,-8.45,-8.47,-8.46,-8.46,-8.45
2019,9,2019.7068,-99.99,-99.99,-8.48,-8.47,-8.48,-8.47
2019,10,2019.789,-8.47,-8.46,-8.48,-8.48,-8.47,-8.46
2019,11,2019.874,-8.45,-8.45,-8.49,-8.48,-8.45,-8.45
2019,12,2019.9562,-8.52,-8.52,-8.49,-8.49,-8.52,-8.52
2020,1,2020.041,-8.48,-8.49,-8.5,-8.5,-8.48,-8.49
2020,2,2020.1257,-8.53,-8.54,-8.5,-8.51,-8.53,-8.54
2020,3,2020.2049,-8.5,-8.51,-8.51,-8.52,-8.5,-8.51
2020,4,2020.2896,-99.99,-99.99,-8.51,-8.52,-8.51,-8.52
2020,5,2020.3716,-99.99,-99.99,-8.52,-8.52,-8.52,-8.52
2020,6,2020.4563,-8.53,-8.53,-8.52,-8.52,-8.53,-8.53
2020,7,2020.5383,-8.55,-8.54,-8.52,-8.51,-8.55,-8.54
2020,8,2020.623,-8.47,-8.46,-8.52,-8.51,-8.47,-8.46
2020,9,2020.7077,-8.5,-8.49,-8.51,-8.5,-8.5,-8.49
2020,10,2020.7896,-8.49,-8.48,-8.51,-8.5,-8.49,-8.48
2020,11,2020.8743,-8.52,-8.52,-8.5,-8.5,-8.52,-8.52
2020,12,2020.9563,-99.99,-99.99,-8.49,-8.5,-8.49,-8.5
