date,d18o,year,month,seasYear
1/1/1958,28.43001507,1958,1,1957
2/1/1958,28.50261783,1958,2,1957
3/1/1958,27.15606361,1958,3,1957
4/1/1958,28.90786282,1958,4,1957
5/1/1958,21.40505258,1958,5,1957
6/1/1958,26.87771218,1958,6,1957
7/1/1958,26.1599518,1958,7,1957
8/1/1958,23.67526773,1958,8,1957
9/1/1958,28.25578171,1958,9,1958
10/1/1958,25.81944322,1958,10,1958
11/1/1958,27.22016719,1958,11,1958
12/1/1958,27.79562152,1958,12,1958
1/1/1959,30.03200539,1959,1,1958
2/1/1959,26.56178627,1959,2,1958
3/1/1959,29.15785829,1959,3,1958
4/1/1959,26.76874668,1959,4,1958
5/1/1959,27.74428413,1959,5,1958
6/1/1959,26.93566432,1959,6,1958
7/1/1959,26.10495686,1959,7,1958
8/1/1959,25.18019499,1959,8,1958
9/1/1959,27.98515355,1959,9,1959
10/1/1959,28.47580814,1959,10,1959
11/1/1959,28.91182893,1959,11,1959
12/1/1959,27.07671408,1959,12,1959
1/1/1960,28.48989979,1960,1,1959
2/1/1960,26.91883654,1960,2,1959
3/1/1960,28.68972783,1960,3,1959
4/1/1960,25.57420603,1960,4,1959
5/1/1960,23.37065593,1960,5,1959
6/1/1960,26.92690174,1960,6,1959
7/1/1960,25.81466536,1960,7,1959
8/1/1960,28.98652134,1960,8,1959
9/1/1960,28.5151726,1960,9,1960
10/1/1960,27.41574695,1960,10,1960
11/1/1960,26.19043468,1960,11,1960
12/1/1960,30.34100243,1960,12,1960
1/1/1961,30.07987903,1961,1,1960
2/1/1961,28.67703637,1961,2,1960
3/1/1961,28.8283954,1961,3,1960
4/1/1961,27.23346809,1961,4,1960
5/1/1961,26.19209225,1961,5,1960
6/1/1961,25.53929208,1961,6,1960
7/1/1961,27.08803608,1961,7,1960
8/1/1961,28.99850781,1961,8,1960
9/1/1961,28.25725617,1961,9,1961
10/1/1961,27.38748924,1961,10,1961
11/1/1961,28.41037112,1961,11,1961
12/1/1961,27.69134261,1961,12,1961
1/1/1962,29.49398905,1962,1,1961
2/1/1962,27.18926775,1962,2,1961
3/1/1962,26.38830122,1962,3,1961
4/1/1962,29.23313831,1962,4,1961
5/1/1962,26.16636293,1962,5,1961
6/1/1962,22.29134017,1962,6,1961
7/1/1962,26.08512893,1962,7,1961
8/1/1962,25.55175062,1962,8,1961
9/1/1962,26.87075837,1962,9,1962
10/1/1962,26.71126019,1962,10,1962
11/1/1962,26.95153515,1962,11,1962
12/1/1962,29.37322531,1962,12,1962
1/1/1963,29.23143562,1963,1,1962
2/1/1963,28.32609807,1963,2,1962
3/1/1963,27.53804454,1963,3,1962
4/1/1963,28.11791396,1963,4,1962
5/1/1963,28.69429221,1963,5,1962
6/1/1963,28.57880325,1963,6,1962
7/1/1963,27.6008595,1963,7,1962
8/1/1963,27.80791579,1963,8,1962
9/1/1963,25.44775107,1963,9,1963
10/1/1963,29.09529007,1963,10,1963
11/1/1963,27.0120267,1963,11,1963
12/1/1963,28.87591508,1963,12,1963
1/1/1964,24.87646598,1964,1,1963
2/1/1964,26.64406379,1964,2,1963
3/1/1964,27.4137061,1964,3,1963
4/1/1964,28.32181107,1964,4,1963
5/1/1964,25.00315127,1964,5,1963
6/1/1964,27.91728394,1964,6,1963
7/1/1964,24.17763912,1964,7,1963
8/1/1964,21.07324571,1964,8,1963
9/1/1964,25.61354234,1964,9,1964
10/1/1964,27.55353008,1964,10,1964
11/1/1964,27.38629189,1964,11,1964
12/1/1964,23.84489473,1964,12,1964
1/1/1965,27.82537276,1965,1,1964
2/1/1965,29.63834461,1965,2,1964
3/1/1965,25.74199257,1965,3,1964
4/1/1965,27.87803102,1965,4,1964
5/1/1965,24.23017987,1965,5,1964
6/1/1965,25.39991479,1965,6,1964
7/1/1965,27.59101971,1965,7,1964
8/1/1965,28.93874375,1965,8,1964
9/1/1965,27.01854518,1965,9,1965
10/1/1965,29.22126503,1965,10,1965
11/1/1965,27.84517212,1965,11,1965
12/1/1965,28.69350549,1965,12,1965
1/1/1966,29.51150928,1966,1,1965
2/1/1966,29.17624837,1966,2,1965
3/1/1966,27.9393038,1966,3,1965
4/1/1966,26.6689637,1966,4,1965
5/1/1966,26.19968946,1966,5,1965
6/1/1966,28.64989561,1966,6,1965
7/1/1966,26.5105293,1966,7,1965
8/1/1966,28.36738023,1966,8,1965
9/1/1966,28.37821885,1966,9,1966
10/1/1966,28.82196455,1966,10,1966
11/1/1966,28.22114054,1966,11,1966
12/1/1966,28.98733558,1966,12,1966
1/1/1967,28.52869558,1967,1,1966
2/1/1967,29.45987429,1967,2,1966
3/1/1967,28.88777336,1967,3,1966
4/1/1967,28.44298712,1967,4,1966
5/1/1967,29.31507482,1967,5,1966
6/1/1967,29.13636645,1967,6,1966
7/1/1967,28.53737073,1967,7,1966
8/1/1967,27.76578888,1967,8,1966
9/1/1967,27.93087885,1967,9,1967
10/1/1967,28.3438867,1967,10,1967
11/1/1967,27.98960278,1967,11,1967
12/1/1967,28.08965491,1967,12,1967
1/1/1968,29.05022407,1968,1,1967
2/1/1968,27.6506032,1968,2,1967
3/1/1968,28.39074594,1968,3,1967
4/1/1968,26.19286113,1968,4,1967
5/1/1968,24.56422979,1968,5,1967
6/1/1968,25.52864062,1968,6,1967
7/1/1968,26.76645128,1968,7,1967
8/1/1968,25.17880486,1968,8,1967
9/1/1968,26.52167818,1968,9,1968
10/1/1968,26.67909325,1968,10,1968
11/1/1968,24.93679958,1968,11,1968
12/1/1968,29.11495657,1968,12,1968
1/1/1969,27.73869597,1969,1,1968
2/1/1969,26.72109139,1969,2,1968
3/1/1969,28.09235986,1969,3,1968
4/1/1969,26.32157359,1969,4,1968
5/1/1969,28.36158269,1969,5,1968
6/1/1969,28.5573882,1969,6,1968
7/1/1969,25.77419516,1969,7,1968
8/1/1969,26.9964751,1969,8,1968
9/1/1969,26.2540887,1969,9,1969
10/1/1969,29.44583604,1969,10,1969
11/1/1969,28.47357716,1969,11,1969
12/1/1969,27.3462729,1969,12,1969
1/1/1970,28.6796291,1970,1,1969
2/1/1970,29.72719293,1970,2,1969
3/1/1970,29.20001893,1970,3,1969
4/1/1970,26.74559524,1970,4,1969
5/1/1970,27.32813694,1970,5,1969
6/1/1970,27.91038085,1970,6,1969
7/1/1970,23.62686223,1970,7,1969
8/1/1970,25.02243037,1970,8,1969
9/1/1970,27.3010331,1970,9,1970
10/1/1970,27.40891597,1970,10,1970
11/1/1970,29.13270528,1970,11,1970
12/1/1970,27.54629076,1970,12,1970
1/1/1971,28.7977147,1971,1,1970
2/1/1971,28.60775224,1971,2,1970
3/1/1971,29.44583019,1971,3,1970
4/1/1971,27.54070499,1971,4,1970
5/1/1971,27.24184096,1971,5,1970
6/1/1971,26.16209898,1971,6,1970
7/1/1971,27.99189823,1971,7,1970
8/1/1971,27.1774124,1971,8,1970
9/1/1971,26.12406487,1971,9,1971
10/1/1971,25.70061663,1971,10,1971
11/1/1971,27.93547735,1971,11,1971
12/1/1971,27.82287282,1971,12,1971
1/1/1972,28.49913245,1972,1,1971
2/1/1972,29.32872118,1972,2,1971
3/1/1972,28.67615651,1972,3,1971
4/1/1972,27.63067777,1972,4,1971
5/1/1972,28.31529993,1972,5,1971
6/1/1972,28.6462184,1972,6,1971
7/1/1972,23.88580874,1972,7,1971
8/1/1972,26.82025567,1972,8,1971
9/1/1972,25.6608692,1972,9,1972
10/1/1972,28.36231732,1972,10,1972
11/1/1972,28.70279102,1972,11,1972
12/1/1972,27.66595911,1972,12,1972
1/1/1973,27.75355461,1973,1,1972
2/1/1973,27.71837466,1973,2,1972
3/1/1973,26.98626052,1973,3,1972
4/1/1973,26.34718808,1973,4,1972
5/1/1973,23.00547566,1973,5,1972
6/1/1973,27.37328886,1973,6,1972
7/1/1973,28.29890844,1973,7,1972
8/1/1973,27.27535062,1973,8,1972
9/1/1973,25.8672936,1973,9,1973
10/1/1973,27.9774884,1973,10,1973
11/1/1973,28.35033725,1973,11,1973
12/1/1973,27.50910025,1973,12,1973
1/1/1974,29.54941824,1974,1,1973
2/1/1974,28.28844474,1974,2,1973
3/1/1974,29.1328708,1974,3,1973
4/1/1974,27.57124239,1974,4,1973
5/1/1974,29.35310257,1974,5,1973
6/1/1974,27.37811595,1974,6,1973
7/1/1974,25.67225712,1974,7,1973
8/1/1974,25.90898206,1974,8,1973
9/1/1974,24.41000169,1974,9,1974
10/1/1974,28.24344073,1974,10,1974
11/1/1974,28.82770158,1974,11,1974
12/1/1974,25.19891856,1974,12,1974
1/1/1975,26.92364403,1975,1,1974
2/1/1975,29.97436253,1975,2,1974
3/1/1975,26.84735922,1975,3,1974
4/1/1975,27.72226873,1975,4,1974
5/1/1975,21.87502952,1975,5,1974
6/1/1975,27.2249899,1975,6,1974
7/1/1975,24.88668699,1975,7,1974
8/1/1975,25.66808338,1975,8,1974
9/1/1975,27.02488446,1975,9,1975
10/1/1975,27.80095139,1975,10,1975
11/1/1975,25.77880903,1975,11,1975
12/1/1975,29.00681955,1975,12,1975
1/1/1976,28.42437255,1976,1,1975
2/1/1976,29.51489096,1976,2,1975
3/1/1976,28.42945115,1976,3,1975
4/1/1976,26.64145521,1976,4,1975
5/1/1976,25.09383504,1976,5,1975
6/1/1976,27.33856582,1976,6,1975
7/1/1976,27.30358808,1976,7,1975
8/1/1976,26.84426382,1976,8,1975
9/1/1976,28.94009533,1976,9,1976
10/1/1976,28.42561117,1976,10,1976
11/1/1976,27.97987031,1976,11,1976
12/1/1976,25.06777802,1976,12,1976
1/1/1977,27.93038965,1977,1,1976
2/1/1977,29.42945372,1977,2,1976
3/1/1977,27.04618918,1977,3,1976
4/1/1977,26.40235746,1977,4,1976
5/1/1977,25.90368931,1977,5,1976
6/1/1977,27.454581,1977,6,1976
7/1/1977,26.7988087,1977,7,1976
8/1/1977,27.06039867,1977,8,1976
9/1/1977,29.29422971,1977,9,1977
10/1/1977,27.37470893,1977,10,1977
11/1/1977,26.47892343,1977,11,1977
12/1/1977,27.49210322,1977,12,1977
1/1/1978,28.67336972,1978,1,1977
2/1/1978,27.53040224,1978,2,1977
3/1/1978,29.15669549,1978,3,1977
4/1/1978,27.12933631,1978,4,1977
5/1/1978,27.58780598,1978,5,1977
6/1/1978,30.26232925,1978,6,1977
7/1/1978,24.26789237,1978,7,1977
8/1/1978,25.50888452,1978,8,1977
9/1/1978,28.33503119,1978,9,1978
10/1/1978,27.49179067,1978,10,1978
11/1/1978,26.74968747,1978,11,1978
12/1/1978,27.47509428,1978,12,1978
1/1/1979,28.34493758,1979,1,1978
2/1/1979,27.44085864,1979,2,1978
3/1/1979,28.3266474,1979,3,1978
4/1/1979,27.1201558,1979,4,1978
5/1/1979,27.2677942,1979,5,1978
6/1/1979,27.768488,1979,6,1978
7/1/1979,25.88734725,1979,7,1978
8/1/1979,25.16447873,1979,8,1978
9/1/1979,25.47723842,1979,9,1979
10/1/1979,27.73938659,1979,10,1979
11/1/1979,28.2380399,1979,11,1979
12/1/1979,25.49001357,1979,12,1979
1/1/1980,28.24376201,1980,1,1979
2/1/1980,28.273492,1980,2,1979
3/1/1980,27.60531499,1980,3,1979
4/1/1980,27.67227608,1980,4,1979
5/1/1980,27.02572406,1980,5,1979
6/1/1980,27.59469463,1980,6,1979
7/1/1980,26.41313331,1980,7,1979
8/1/1980,24.95187791,1980,8,1979
9/1/1980,21.68263002,1980,9,1980
10/1/1980,27.65912794,1980,10,1980
11/1/1980,28.65834985,1980,11,1980
12/1/1980,30.01004367,1980,12,1980
1/1/1981,29.35239539,1981,1,1980
2/1/1981,29.08065847,1981,2,1980
3/1/1981,27.5504015,1981,3,1980
4/1/1981,25.47218593,1981,4,1980
5/1/1981,28.20949775,1981,5,1980
6/1/1981,28.01856019,1981,6,1980
7/1/1981,26.11758655,1981,7,1980
8/1/1981,25.87358636,1981,8,1980
9/1/1981,26.68012877,1981,9,1981
10/1/1981,27.28528571,1981,10,1981
11/1/1981,27.4394827,1981,11,1981
12/1/1981,28.72018349,1981,12,1981
1/1/1982,28.2835114,1982,1,1981
2/1/1982,28.94082595,1982,2,1981
3/1/1982,27.69411267,1982,3,1981
4/1/1982,28.17211244,1982,4,1981
5/1/1982,24.02181896,1982,5,1981
6/1/1982,28.3355198,1982,6,1981
7/1/1982,28.5022309,1982,7,1981
8/1/1982,28.17234878,1982,8,1981
9/1/1982,26.82802599,1982,9,1982
10/1/1982,27.39577681,1982,10,1982
11/1/1982,27.75758711,1982,11,1982
12/1/1982,28.99084772,1982,12,1982
1/1/1983,27.44624686,1983,1,1982
2/1/1983,29.64990907,1983,2,1982
3/1/1983,28.42197455,1983,3,1982
4/1/1983,28.03235354,1983,4,1982
5/1/1983,26.87830002,1983,5,1982
6/1/1983,26.03834483,1983,6,1982
7/1/1983,28.57423007,1983,7,1982
8/1/1983,27.10049991,1983,8,1982
9/1/1983,26.05571045,1983,9,1983
10/1/1983,28.51746832,1983,10,1983
11/1/1983,26.82086293,1983,11,1983
12/1/1983,29.21342257,1983,12,1983
1/1/1984,27.98157398,1984,1,1983
2/1/1984,28.98832983,1984,2,1983
3/1/1984,27.78136432,1984,3,1983
4/1/1984,27.5784498,1984,4,1983
5/1/1984,27.54448826,1984,5,1983
6/1/1984,26.81849609,1984,6,1983
7/1/1984,27.80541332,1984,7,1983
8/1/1984,24.62241655,1984,8,1983
9/1/1984,26.11394169,1984,9,1984
10/1/1984,27.17058757,1984,10,1984
11/1/1984,28.18192278,1984,11,1984
12/1/1984,26.52068512,1984,12,1984
1/1/1985,27.19058971,1985,1,1984
2/1/1985,28.96667849,1985,2,1984
3/1/1985,28.94479423,1985,3,1984
4/1/1985,28.9387939,1985,4,1984
5/1/1985,26.9663515,1985,5,1984
6/1/1985,27.13028765,1985,6,1984
7/1/1985,26.16661976,1985,7,1984
8/1/1985,28.11419288,1985,8,1984
9/1/1985,28.45855214,1985,9,1985
10/1/1985,28.1807677,1985,10,1985
11/1/1985,28.76636497,1985,11,1985
12/1/1985,26.86370107,1985,12,1985
1/1/1986,27.41315735,1986,1,1985
2/1/1986,26.95568807,1986,2,1985
3/1/1986,28.75870741,1986,3,1985
4/1/1986,25.96922136,1986,4,1985
5/1/1986,27.44092272,1986,5,1985
6/1/1986,25.89608934,1986,6,1985
7/1/1986,25.42141766,1986,7,1985
8/1/1986,28.41821945,1986,8,1985
9/1/1986,26.39372833,1986,9,1986
10/1/1986,25.59212639,1986,10,1986
11/1/1986,28.31638999,1986,11,1986
12/1/1986,26.45118157,1986,12,1986
1/1/1987,24.8289017,1987,1,1986
2/1/1987,27.55067342,1987,2,1986
3/1/1987,27.05223485,1987,3,1986
4/1/1987,28.39501608,1987,4,1986
5/1/1987,26.21687733,1987,5,1986
6/1/1987,28.05800817,1987,6,1986
7/1/1987,28.29555261,1987,7,1986
8/1/1987,27.63764335,1987,8,1986
9/1/1987,25.91652287,1987,9,1987
10/1/1987,27.72661588,1987,10,1987
11/1/1987,26.54767709,1987,11,1987
12/1/1987,28.54435721,1987,12,1987
1/1/1988,29.07632359,1988,1,1987
2/1/1988,28.55628597,1988,2,1987
3/1/1988,29.79359463,1988,3,1987
4/1/1988,29.18451752,1988,4,1987
5/1/1988,27.19276005,1988,5,1987
6/1/1988,26.97440504,1988,6,1987
7/1/1988,25.68954746,1988,7,1987
8/1/1988,26.08881355,1988,8,1987
9/1/1988,26.51984955,1988,9,1988
10/1/1988,22.43536757,1988,10,1988
11/1/1988,28.53036677,1988,11,1988
12/1/1988,28.77452528,1988,12,1988
1/1/1989,27.51937232,1989,1,1988
2/1/1989,29.0637538,1989,2,1988
3/1/1989,28.59084629,1989,3,1988
4/1/1989,28.61821186,1989,4,1988
5/1/1989,27.1546906,1989,5,1988
6/1/1989,28.98195733,1989,6,1988
7/1/1989,27.94022222,1989,7,1988
8/1/1989,27.56568951,1989,8,1988
9/1/1989,26.76230963,1989,9,1989
10/1/1989,25.72253821,1989,10,1989
11/1/1989,29.47839208,1989,11,1989
12/1/1989,27.87529129,1989,12,1989
1/1/1990,28.37976032,1990,1,1989
2/1/1990,28.30485373,1990,2,1989
3/1/1990,28.3286737,1990,3,1989
4/1/1990,28.11362623,1990,4,1989
5/1/1990,25.65011782,1990,5,1989
6/1/1990,25.93453548,1990,6,1989
7/1/1990,24.83494163,1990,7,1989
8/1/1990,27.20647429,1990,8,1989
9/1/1990,27.52362067,1990,9,1990
10/1/1990,28.18766594,1990,10,1990
11/1/1990,26.62857385,1990,11,1990
12/1/1990,26.99108137,1990,12,1990
1/1/1991,28.01180566,1991,1,1990
2/1/1991,29.63223429,1991,2,1990
3/1/1991,28.54500086,1991,3,1990
4/1/1991,26.95660531,1991,4,1990
5/1/1991,28.39607159,1991,5,1990
6/1/1991,26.7817226,1991,6,1990
7/1/1991,26.29741189,1991,7,1990
8/1/1991,23.07498323,1991,8,1990
9/1/1991,26.11834237,1991,9,1991
10/1/1991,28.41078528,1991,10,1991
11/1/1991,26.5473126,1991,11,1991
12/1/1991,28.01706512,1991,12,1991
1/1/1992,27.78581434,1992,1,1991
2/1/1992,28.95530029,1992,2,1991
3/1/1992,29.22005694,1992,3,1991
4/1/1992,27.82249641,1992,4,1991
5/1/1992,27.24002801,1992,5,1991
6/1/1992,28.27152394,1992,6,1991
7/1/1992,24.95751783,1992,7,1991
8/1/1992,25.89609221,1992,8,1991
9/1/1992,26.81335178,1992,9,1992
10/1/1992,27.9804598,1992,10,1992
11/1/1992,27.3235848,1992,11,1992
12/1/1992,28.77079899,1992,12,1992
1/1/1993,28.71794577,1993,1,1992
2/1/1993,26.34723,1993,2,1992
3/1/1993,28.33032,1993,3,1992
4/1/1993,28.54251538,1993,4,1992
5/1/1993,26.67460038,1993,5,1992
6/1/1993,26.45993987,1993,6,1992
7/1/1993,27.45673366,1993,7,1992
8/1/1993,25.64830959,1993,8,1992
9/1/1993,28.77152387,1993,9,1993
10/1/1993,26.48881749,1993,10,1993
11/1/1993,26.82644492,1993,11,1993
12/1/1993,27.49018073,1993,12,1993
1/1/1994,26.90847597,1994,1,1993
2/1/1994,28.4495823,1994,2,1993
3/1/1994,29.71539,1994,3,1993
4/1/1994,27.9255229,1994,4,1993
5/1/1994,22.47414364,1994,5,1993
6/1/1994,27.37591983,1994,6,1993
7/1/1994,25.82505038,1994,7,1993
8/1/1994,25.3617478,1994,8,1993
9/1/1994,25.27434639,1994,9,1994
10/1/1994,27.57185448,1994,10,1994
11/1/1994,26.06717116,1994,11,1994
12/1/1994,29.8162885,1994,12,1994
1/1/1995,28.75834515,1995,1,1994
2/1/1995,28.39768393,1995,2,1994
3/1/1995,25.45830634,1995,3,1994
4/1/1995,27.42806679,1995,4,1994
5/1/1995,27.61795201,1995,5,1994
6/1/1995,27.67689189,1995,6,1994
7/1/1995,26.78907227,1995,7,1994
8/1/1995,26.6549088,1995,8,1994
9/1/1995,27.08317406,1995,9,1995
10/1/1995,27.49618929,1995,10,1995
11/1/1995,28.16551841,1995,11,1995
12/1/1995,28.04250045,1995,12,1995
1/1/1996,27.84243498,1996,1,1995
2/1/1996,27.04533641,1996,2,1995
3/1/1996,26.55341934,1996,3,1995
4/1/1996,26.06804774,1996,4,1995
5/1/1996,27.38873581,1996,5,1995
6/1/1996,27.27180083,1996,6,1995
7/1/1996,28.02387732,1996,7,1995
8/1/1996,24.27495456,1996,8,1995
9/1/1996,25.25805791,1996,9,1996
10/1/1996,27.23061264,1996,10,1996
11/1/1996,25.88160686,1996,11,1996
12/1/1996,28.20344611,1996,12,1996
1/1/1997,27.79525837,1997,1,1996
2/1/1997,29.47190795,1997,2,1996
3/1/1997,27.04613014,1997,3,1996
4/1/1997,26.49172372,1997,4,1996
5/1/1997,26.27267732,1997,5,1996
6/1/1997,26.8364574,1997,6,1996
7/1/1997,25.91769359,1997,7,1996
8/1/1997,27.28410426,1997,8,1996
9/1/1997,28.80368287,1997,9,1997
10/1/1997,27.22181347,1997,10,1997
11/1/1997,27.22959691,1997,11,1997
12/1/1997,26.80716561,1997,12,1997
1/1/1998,28.79784572,1998,1,1997
2/1/1998,26.90380564,1998,2,1997
3/1/1998,27.03656008,1998,3,1997
4/1/1998,25.08266044,1998,4,1997
5/1/1998,25.95776091,1998,5,1997
6/1/1998,27.59680042,1998,6,1997
7/1/1998,25.84293872,1998,7,1997
8/1/1998,28.84463581,1998,8,1997
9/1/1998,26.19588483,1998,9,1998
10/1/1998,25.40175859,1998,10,1998
11/1/1998,28.1183681,1998,11,1998
12/1/1998,27.05222984,1998,12,1998
1/1/1999,29.49046748,1999,1,1998
2/1/1999,25.19428489,1999,2,1998
3/1/1999,26.36292788,1999,3,1998
4/1/1999,26.78113137,1999,4,1998
5/1/1999,25.11735025,1999,5,1998
6/1/1999,26.95413045,1999,6,1998
7/1/1999,26.20760896,1999,7,1998
8/1/1999,26.05654449,1999,8,1998
9/1/1999,26.7619621,1999,9,1999
10/1/1999,27.08801262,1999,10,1999
11/1/1999,27.97451162,1999,11,1999
12/1/1999,28.22830696,1999,12,1999
1/1/2000,29.07052727,2000,1,1999
2/1/2000,28.5720597,2000,2,1999
3/1/2000,27.78015796,2000,3,1999
4/1/2000,27.21594339,2000,4,1999
5/1/2000,22.54516548,2000,5,1999
6/1/2000,25.4507544,2000,6,1999
7/1/2000,26.72741212,2000,7,1999
8/1/2000,28.72054852,2000,8,1999
9/1/2000,24.96689569,2000,9,2000
10/1/2000,26.66347597,2000,10,2000
11/1/2000,29.31129533,2000,11,2000
12/1/2000,27.84346331,2000,12,2000
1/1/2001,29.26919354,2001,1,2000
2/1/2001,29.28712864,2001,2,2000
3/1/2001,26.60508386,2001,3,2000
4/1/2001,26.96372725,2001,4,2000
5/1/2001,28.88465996,2001,5,2000
6/1/2001,26.13139972,2001,6,2000
7/1/2001,28.07049211,2001,7,2000
8/1/2001,24.58132901,2001,8,2000
9/1/2001,26.57908993,2001,9,2001
10/1/2001,26.2637506,2001,10,2001
11/1/2001,26.83678345,2001,11,2001
12/1/2001,26.71576437,2001,12,2001
1/1/2002,26.16634428,2002,1,2001
2/1/2002,28.1438927,2002,2,2001
3/1/2002,26.94600299,2002,3,2001
4/1/2002,28.44081599,2002,4,2001
5/1/2002,28.04501037,2002,5,2001
6/1/2002,24.73924637,2002,6,2001
7/1/2002,22.42113237,2002,7,2001
8/1/2002,25.43204329,2002,8,2001
9/1/2002,23.77852431,2002,9,2002
10/1/2002,26.08187238,2002,10,2002
11/1/2002,27.87110054,2002,11,2002
12/1/2002,26.2264717,2002,12,2002
1/1/2003,27.91835721,2003,1,2002
2/1/2003,29.3335242,2003,2,2002
3/1/2003,27.76783684,2003,3,2002
4/1/2003,28.34697036,2003,4,2002
5/1/2003,28.03391981,2003,5,2002
6/1/2003,24.33995133,2003,6,2002
7/1/2003,25.13438671,2003,7,2002
8/1/2003,24.07078196,2003,8,2002
9/1/2003,22.6350397,2003,9,2003
10/1/2003,27.66561776,2003,10,2003
11/1/2003,29.74912469,2003,11,2003
12/1/2003,27.68888707,2003,12,2003
1/1/2004,25.21200936,2004,1,2003
2/1/2004,28.91923145,2004,2,2003
3/1/2004,28.33297995,2004,3,2003
4/1/2004,27.05075772,2004,4,2003
5/1/2004,24.80724691,2004,5,2003
6/1/2004,24.40519089,2004,6,2003
7/1/2004,27.91129119,2004,7,2003
8/1/2004,28.36509469,2004,8,2003
9/1/2004,26.9135691,2004,9,2004
10/1/2004,27.62424862,2004,10,2004
11/1/2004,26.41000278,2004,11,2004
12/1/2004,27.10576458,2004,12,2004
1/1/2005,27.39023908,2005,1,2004
2/1/2005,28.05395563,2005,2,2004
3/1/2005,28.08095722,2005,3,2004
4/1/2005,26.40286917,2005,4,2004
5/1/2005,25.0985278,2005,5,2004
6/1/2005,28.32595416,2005,6,2004
7/1/2005,23.39519154,2005,7,2004
8/1/2005,24.83633978,2005,8,2004
9/1/2005,27.76299321,2005,9,2005
10/1/2005,25.82092104,2005,10,2005
11/1/2005,27.03320388,2005,11,2005
12/1/2005,22.47960836,2005,12,2005
1/1/2006,28.59498663,2006,1,2005
2/1/2006,27.86032523,2006,2,2005
3/1/2006,28.0982814,2006,3,2005
4/1/2006,23.07021936,2006,4,2005
5/1/2006,25.97676303,2006,5,2005
6/1/2006,27.35481898,2006,6,2005
7/1/2006,26.1634497,2006,7,2005
8/1/2006,25.63042634,2006,8,2005
9/1/2006,26.17132066,2006,9,2006
10/1/2006,27.81303763,2006,10,2006
11/1/2006,28.42295129,2006,11,2006
12/1/2006,27.99972397,2006,12,2006
1/1/2007,26.21771873,2007,1,2006
2/1/2007,30.09224165,2007,2,2006
3/1/2007,26.02378447,2007,3,2006
4/1/2007,29.5330084,2007,4,2006
5/1/2007,23.7169595,2007,5,2006
6/1/2007,28.72967014,2007,6,2006
7/1/2007,27.44130046,2007,7,2006
8/1/2007,26.2160256,2007,8,2006
9/1/2007,25.65614273,2007,9,2007
10/1/2007,25.01542258,2007,10,2007
11/1/2007,29.96539224,2007,11,2007
12/1/2007,26.4410727,2007,12,2007
1/1/2008,29.5467251,2008,1,2007
2/1/2008,27.66275434,2008,2,2007
3/1/2008,28.21199638,2008,3,2007
4/1/2008,26.48354491,2008,4,2007
5/1/2008,26.27523926,2008,5,2007
6/1/2008,27.53444679,2008,6,2007
7/1/2008,27.00955268,2008,7,2007
8/1/2008,26.91085798,2008,8,2007
9/1/2008,26.15807897,2008,9,2008
10/1/2008,28.39765334,2008,10,2008
11/1/2008,27.01870124,2008,11,2008
12/1/2008,25.71959704,2008,12,2008
1/1/2009,27.36801736,2009,1,2008
2/1/2009,28.21579385,2009,2,2008
3/1/2009,26.51751955,2009,3,2008
4/1/2009,25.38403622,2009,4,2008
5/1/2009,24.90160669,2009,5,2008
6/1/2009,28.18607472,2009,6,2008
7/1/2009,23.09653642,2009,7,2008
8/1/2009,21.88195588,2009,8,2008
9/1/2009,26.22283652,2009,9,2009
10/1/2009,29.2729889,2009,10,2009
11/1/2009,28.49563464,2009,11,2009
12/1/2009,25.69025152,2009,12,2009
1/1/2010,28.52608123,2010,1,2009
2/1/2010,29.24502209,2010,2,2009
3/1/2010,26.15359291,2010,3,2009
4/1/2010,26.58412994,2010,4,2009
5/1/2010,27.23395232,2010,5,2009
6/1/2010,24.94292635,2010,6,2009
7/1/2010,25.65654245,2010,7,2009
8/1/2010,25.55589693,2010,8,2009
9/1/2010,23.12148407,2010,9,2010
10/1/2010,27.33480283,2010,10,2010
11/1/2010,26.33683967,2010,11,2010
12/1/2010,26.30577086,2010,12,2010
1/1/2011,27.6921823,2011,1,2010
2/1/2011,27.49633525,2011,2,2010
3/1/2011,27.50658133,2011,3,2010
4/1/2011,27.0084065,2011,4,2010
5/1/2011,26.82974142,2011,5,2010
6/1/2011,24.00186116,2011,6,2010
7/1/2011,27.23314512,2011,7,2010
8/1/2011,26.90910029,2011,8,2010
9/1/2011,24.47407951,2011,9,2011
10/1/2011,27.82447323,2011,10,2011
11/1/2011,24.91000767,2011,11,2011
12/1/2011,28.72262382,2011,12,2011
1/1/2012,27.4759167,2012,1,2011
2/1/2012,28.63385334,2012,2,2011
3/1/2012,25.88075541,2012,3,2011
4/1/2012,25.87095212,2012,4,2011
5/1/2012,25.29039265,2012,5,2011
6/1/2012,24.93427456,2012,6,2011
7/1/2012,25.99428865,2012,7,2011
8/1/2012,25.01423343,2012,8,2011
9/1/2012,24.54772547,2012,9,2012
10/1/2012,26.98444475,2012,10,2012
11/1/2012,28.28309271,2012,11,2012
12/1/2012,26.6788878,2012,12,2012
1/1/2013,27.60823283,2013,1,2012
2/1/2013,28.91464848,2013,2,2012
3/1/2013,26.71931569,2013,3,2012
4/1/2013,25.0823883,2013,4,2012
5/1/2013,27.5464025,2013,5,2012
6/1/2013,26.86230474,2013,6,2012
7/1/2013,26.02482702,2013,7,2012
8/1/2013,21.06394599,2013,8,2012
9/1/2013,24.78714482,2013,9,2013
10/1/2013,23.80527116,2013,10,2013
11/1/2013,28.17548492,2013,11,2013
12/1/2013,25.97077845,2013,12,2013
