sample_ID,o18corr  ,c13corr  ,Tree_ID,canopy_cover,soil_depth
20210310__Grzywacz_Tray1a_603_2018,28.38563475,-23.48045409,603,83.5,277.5
20210310__Grzywacz_Tray1a_603_2017,28.25855772,-23.74713391,603,83.5,277.5
20210310__Grzywacz_Tray1a_603_2016,27.57651679,-24.05237656,603,83.5,277.5
20210310__Grzywacz_Tray1a_603_2015,27.23021592,-24.18315435,603,83.5,277.5
20210310__Grzywacz_Tray1a_603_2014,27.54539331,-24.12213831,603,83.5,277.5
20210310__Grzywacz_Tray1a_603_2013,27.83567564,-23.62558142,603,83.5,277.5
20210310__Grzywacz_Tray1a_603_2012,26.297892,-23.99904613,603,83.5,277.5
20210310__Grzywacz_Tray1a_603_2011,27.17385887,-23.69837159,603,83.5,277.5
20210310__Grzywacz_Tray1a_603_2010,27.40239413,-23.72572723,603,83.5,277.5
20210310__Grzywacz_Tray1a_603_2009,27.32170579,-23.69641115,603,83.5,277.5
20210310__Grzywacz_Tray1a_603_2008,27.98736134,-23.54637125,603,83.5,277.5
20210310__Grzywacz_Tray1a_603_2007,28.31994836,-23.47938632,603,83.5,277.5
20210310__Grzywacz_Tray1a_603_2006,27.77607841,-23.62562647,603,83.5,277.5
20210313__Grzywacz_Tray1b_Tray2a_603_2005,27.7462627,-24.06590309,603,83.5,277.5
20210313__Grzywacz_Tray1b_Tray2a_603_2004,28.90989014,-23.876749,603,83.5,277.5
20210313__Grzywacz_Tray1b_Tray2a_603_2003,28.1526516,-23.82850701,603,83.5,277.5
20210313__Grzywacz_Tray1b_Tray2a_603_2002,27.81724935,-23.7511397,603,83.5,277.5
20210313__Grzywacz_Tray1b_Tray2a_603_2001,27.27637155,-23.61129403,603,83.5,277.5
20210313__Grzywacz_Tray1b_Tray2a_603_2000,29.45427563,-22.91717925,603,83.5,277.5
20210313__Grzywacz_Tray1b_Tray2a_603_1999,28.50764683,-23.2100052,603,83.5,277.5
20210313__Grzywacz_Tray1b_Tray2a_603_1998,27.30496788,-23.51712,603,83.5,277.5
20210313__Grzywacz_Tray1b_Tray2a_603_1997,27.10037492,-23.50567927,603,83.5,277.5
20210313__Grzywacz_Tray1b_Tray2a_603_1996,27.61747523,-23.33660106,603,83.5,277.5
20210313__Grzywacz_Tray1b_Tray2a_603_1995,28.03845046,-23.15062374,603,83.5,277.5
20210313__Grzywacz_Tray1b_Tray2a_603_1994,28.27422087,-23.189962,603,83.5,277.5
20210313__Grzywacz_Tray1b_Tray2a_603_1992,27.87763056,-23.60450068,603,83.5,277.5
20210313__Grzywacz_Tray1b_Tray2a_603_1990,29.018222,-23.20411517,603,83.5,277.5
20210313__Grzywacz_Tray1b_Tray2a_603_1989,27.06104179,-22.96727276,603,83.5,277.5
20210313__Grzywacz_Tray1b_Tray2a_603_1988,27.77876896,-22.45810513,603,83.5,277.5
20210313__Grzywacz_Tray1b_Tray2a_603_1987,27.93929769,-22.26857954,603,83.5,277.5
20210313__Grzywacz_Tray1b_Tray2a_603_1986,26.62365693,-22.78335143,603,83.5,277.5
20210313__Grzywacz_Tray1b_Tray2a_603_1985,27.22668319,-22.4247241,603,83.5,277.5
20210313__Grzywacz_Tray1b_Tray2a_603_1984,27.53087826,-22.23712802,603,83.5,277.5
20210313__Grzywacz_Tray1b_Tray2a_603_1982,28.09968658,-22.43559381,603,83.5,277.5
20210313__Grzywacz_Tray1b_Tray2a_603_1981,27.36287147,-22.37637864,603,83.5,277.5
20210313__Grzywacz_Tray1b_Tray2a_603_1980,26.92400622,-21.97232827,603,83.5,277.5
20210313__Grzywacz_Tray1b_Tray2a_603_1979,26.94481114,-22.35051052,603,83.5,277.5
20210313__Grzywacz_Tray1b_Tray2a_603_1977,28.32901973,-22.62039905,603,83.5,277.5
20210313__Grzywacz_Tray1b_Tray2a_603_1976,27.7389268,-22.51917363,603,83.5,277.5
20210313__Grzywacz_Tray1b_Tray2a_603_1975,25.16944786,-23.24665213,603,83.5,277.5
20210313__Grzywacz_Tray1b_Tray2a_603_1972,28.09769933,-22.36206772,603,83.5,277.5
20210313__Grzywacz_Tray1b_Tray2a_603_1971,26.66467659,-22.9987297,603,83.5,277.5
20210313__Grzywacz_Tray1b_Tray2a_603_1970,28.82851071,-21.85315413,603,83.5,277.5
20210313__Grzywacz_Tray1b_Tray2a_603_1969,27.60098547,-22.21282718,603,83.5,277.5
20210313__Grzywacz_Tray1b_Tray2a_603_1968,27.1797384,-22.30251761,603,83.5,277.5
20210313__Grzywacz_Tray1b_Tray2a_603_1967,28.51022735,-22.27448945,603,83.5,277.5
20210313__Grzywacz_Tray1b_Tray2a_603_1966,29.00737193,-22.03126018,603,83.5,277.5
20210313__Grzywacz_Tray1b_Tray2a_603_1965,,,603,83.5,277.5
20210313__Grzywacz_Tray1b_Tray2a_603_1964,29.62280866,-22.21003992,603,83.5,277.5
20210313__Grzywacz_Tray1b_Tray2a_603_1962,28.41207248,-22.0790896,603,83.5,277.5
20210313__Grzywacz_Tray1b_Tray2a_603_1961,30.59220124,-21.68769205,603,83.5,277.5
20210313__Grzywacz_Tray1b_Tray2a_603_1960,27.54078914,-22.20995755,603,83.5,277.5
20210316__Grzywacz_Tray1b_Tray2a_603_1963,28.81226555,-22.13512164,603,83.5,277.5
20210329__Grzywacz_Tray4b_Tray5a_604_2018,28.37215528,-22.89719664,604,76,237.5
20210329__Grzywacz_Tray4b_Tray5a_604_2017,28.21111794,-22.94888393,604,76,237.5
20210329__Grzywacz_Tray4b_Tray5a_604_2016,27.95301501,-23.08192321,604,76,237.5
20210329__Grzywacz_Tray4b_Tray5a_604_2015,29.40149441,-23.40544201,604,76,237.5
20210329__Grzywacz_Tray4b_Tray5a_604_2014,28.58237545,-23.31674402,604,76,237.5
20210329__Grzywacz_Tray4b_Tray5a_604_2013,27.57344011,-23.23370327,604,76,237.5
20210329__Grzywacz_Tray4b_Tray5a_604_2012,28.32847699,-23.18229347,604,76,237.5
20210329__Grzywacz_Tray4b_Tray5a_604_2011,27.56202777,-23.17487587,604,76,237.5
20210329__Grzywacz_Tray4b_Tray5a_604_2010,26.36790892,-23.66373457,604,76,237.5
20210329__Grzywacz_Tray4b_Tray5a_604_2009,27.71890083,-23.26155198,604,76,237.5
20210329__Grzywacz_Tray4b_Tray5a_604_2008,27.41437822,-23.24552757,604,76,237.5
20210329__Grzywacz_Tray4b_Tray5a_604_2007,27.58999699,-23.4827627,604,76,237.5
20210329__Grzywacz_Tray4b_Tray5a_604_2006,28.30104815,-23.24942853,604,76,237.5
20210329__Grzywacz_Tray4b_Tray5a_604_2005,27.35543737,-23.48712152,604,76,237.5
20210329__Grzywacz_Tray4b_Tray5a_604_2004,28.91382243,-23.1029393,604,76,237.5
20210329__Grzywacz_Tray4b_Tray5a_604_2003,28.4277568,-23.31971673,604,76,237.5
20210329__Grzywacz_Tray4b_Tray5a_604_2002,27.90698364,-23.1978966,604,76,237.5
20210329__Grzywacz_Tray4b_Tray5a_604_2001,28.09857186,-22.98517772,604,76,237.5
20210329__Grzywacz_Tray4b_Tray5a_604_2000,27.39800291,-22.90266514,604,76,237.5
20210329__Grzywacz_Tray4b_Tray5a_604_1999,28.1539842,-22.67099715,604,76,237.5
20210329__Grzywacz_Tray4b_Tray5a_604_1998,28.00092856,-22.75322851,604,76,237.5
20210329__Grzywacz_Tray4b_Tray5a_604_1997,28.33344784,-22.75801728,604,76,237.5
20210329__Grzywacz_Tray4b_Tray5a_604_1996,28.17965709,-22.7156931,604,76,237.5
20210329__Grzywacz_Tray4b_Tray5a_604_1995,28.13191624,-22.37225822,604,76,237.5
20210329__Grzywacz_Tray4b_Tray5a_604_1994,27.01947909,-22.82588555,604,76,237.5
20210329__Grzywacz_Tray4b_Tray5a_604_1993,25.87114634,-23.15537069,604,76,237.5
20210329__Grzywacz_Tray4b_Tray5a_604_1992,27.19659174,-22.64950482,604,76,237.5
20210329__Grzywacz_Tray4b_Tray5a_604_1991,25.95151,-23.10882429,604,76,237.5
20210329__Grzywacz_Tray4b_Tray5a_604_1990,26.41128918,-22.86181568,604,76,237.5
20210329__Grzywacz_Tray4b_Tray5a_604_1989,26.28312422,-22.99645721,604,76,237.5
20210329__Grzywacz_Tray4b_Tray5a_604_1988,27.4920868,-22.06645961,604,76,237.5
20210329__Grzywacz_Tray4b_Tray5a_604_1986,27.21077943,-21.85587019,604,76,237.5
20210329__Grzywacz_Tray4b_Tray5a_604_1985,25.78652084,-22.09316334,604,76,237.5
20210329__Grzywacz_Tray4b_Tray5a_604_1984,26.21583213,-21.95175463,604,76,237.5
20210329__Grzywacz_Tray4b_Tray5a_604_1983,27.93691653,-21.62741118,604,76,237.5
20210329__Grzywacz_Tray4b_Tray5a_604_1982,27.87704119,-21.87895124,604,76,237.5
20210329__Grzywacz_Tray4b_Tray5a_604_1981,28.92427722,-21.30831742,604,76,237.5
20210329__Grzywacz_Tray4b_Tray5a_604_1980,28.11039988,-21.62153429,604,76,237.5
20210329__Grzywacz_Tray4b_Tray5a_604_1979,27.307375,-21.59773595,604,76,237.5
20210329__Grzywacz_Tray4b_Tray5a_604_1978,25.57527981,-22.42407236,604,76,237.5
20210329__Grzywacz_Tray4b_Tray5a_604_1976,26.46442541,-22.06919041,604,76,237.5
20210329__Grzywacz_Tray4b_Tray5a_604_1975,27.1876093,-21.71831277,604,76,237.5
20210329__Grzywacz_Tray4b_Tray5a_604_1974,26.72220338,-21.75382639,604,76,237.5
20210329__Grzywacz_Tray4b_Tray5a_604_1973,27.37255452,-22.14986361,604,76,237.5
20210329__Grzywacz_Tray4b_Tray5a_604_1972,27.38437217,-22.06002165,604,76,237.5
20210329__Grzywacz_Tray4b_Tray5a_604_1971,27.00352264,-21.64491483,604,76,237.5
20210329__Grzywacz_Tray4b_Tray5a_604_1970,25.15482104,-22.27485812,604,76,237.5
20210329__Grzywacz_Tray4b_Tray5a_604_1969,27.65625676,-21.9133156,604,76,237.5
20210329__Grzywacz_Tray4b_Tray5a_604_1968,27.88612716,-21.63590107,604,76,237.5
20210329__Grzywacz_Tray4b_Tray5a_604_1967,26.74604542,-22.11565754,604,76,237.5
20210329__Grzywacz_Tray4b_Tray5a_604_1966,27.83981215,-21.89919255,604,76,237.5
20210329__Grzywacz_Tray4b_Tray5a_604_1965,28.35189233,-21.53011179,604,76,237.5
20210527__Grzywacz_Tray5b_Tray6a_604_1964,27.61781256,-21.22663034,604,76,237.5
20210527__Grzywacz_Tray5b_Tray6a_604_1963,28.11301693,-21.07995527,604,76,237.5
20210527__Grzywacz_Tray5b_Tray6a_604_1962,27.77174608,-21.26827544,604,76,237.5
20210527__Grzywacz_Tray5b_Tray6a_604_1961,27.58449703,-21.38229428,604,76,237.5
20210527__Grzywacz_Tray5b_Tray6a_604_1960,27.35930751,-21.18753345,604,76,237.5
20210316__Grzywacz_Tray2b_Tray3a_605_2018,29.40860925,-22.94165969,605,79.25,591.25
20210316__Grzywacz_Tray2b_Tray3a_605_2017,28.32309399,-22.91790853,605,79.25,591.25
20210316__Grzywacz_Tray2b_Tray3a_605_2016,27.46657339,-23.74340478,605,79.25,591.25
20210316__Grzywacz_Tray2b_Tray3a_605_2015,29.59245508,-23.45256,605,79.25,591.25
20210316__Grzywacz_Tray2b_Tray3a_605_2014,27.96315589,-23.78935575,605,79.25,591.25
20210316__Grzywacz_Tray2b_Tray3a_605_2013,27.27794701,-23.64812583,605,79.25,591.25
20210316__Grzywacz_Tray2b_Tray3a_605_2012,27.61098593,-23.53351311,605,79.25,591.25
20210316__Grzywacz_Tray2b_Tray3a_605_2011,27.22323607,-23.59364886,605,79.25,591.25
20210316__Grzywacz_Tray2b_Tray3a_605_2010,27.93147371,-23.33651569,605,79.25,591.25
20210316__Grzywacz_Tray2b_Tray3a_605_2009,27.30766919,-23.46602147,605,79.25,591.25
20210316__Grzywacz_Tray2b_Tray3a_605_2008,28.59610716,-23.46069801,605,79.25,591.25
20210316__Grzywacz_Tray2b_Tray3a_605_2007,28.76406178,-23.46497537,605,79.25,591.25
20210316__Grzywacz_Tray2b_Tray3a_605_2006,29.07351185,-22.87482311,605,79.25,591.25
20210316__Grzywacz_Tray2b_Tray3a_605_2005,28.92859676,-23.06027838,605,79.25,591.25
20210316__Grzywacz_Tray2b_Tray3a_605_2003,29.02893914,-22.98311809,605,79.25,591.25
20210316__Grzywacz_Tray2b_Tray3a_605_2002,29.26797556,-22.4399319,605,79.25,591.25
20210316__Grzywacz_Tray2b_Tray3a_605_2000,28.10341081,-22.70631568,605,79.25,591.25
20210316__Grzywacz_Tray2b_Tray3a_605_1999,27.27636812,-23.85248723,605,79.25,591.25
20210316__Grzywacz_Tray2b_Tray3a_605_1998,27.60473818,-23.52119551,605,79.25,591.25
20210316__Grzywacz_Tray2b_Tray3a_605_1997,28.11190846,-23.42456043,605,79.25,591.25
20210316__Grzywacz_Tray2b_Tray3a_605_1996,26.92531865,-23.71750211,605,79.25,591.25
20210316__Grzywacz_Tray2b_Tray3a_605_1995,25.68497512,-23.54674139,605,79.25,591.25
20210316__Grzywacz_Tray2b_Tray3a_605_1994,27.0451583,-23.54673252,605,79.25,591.25
20210316__Grzywacz_Tray2b_Tray3a_605_1993,27.78096763,-23.08424878,605,79.25,591.25
20210316__Grzywacz_Tray2b_Tray3a_605_1992,27.92415374,-22.98228742,605,79.25,591.25
20210316__Grzywacz_Tray2b_Tray3a_605_1991,27.3329188,-23.11826067,605,79.25,591.25
20210316__Grzywacz_Tray2b_Tray3a_605_1990,27.97428453,-23.09145902,605,79.25,591.25
20210316__Grzywacz_Tray2b_Tray3a_605_1989,27.86623855,-22.93765582,605,79.25,591.25
20210316__Grzywacz_Tray2b_Tray3a_605_1988,27.55656284,-22.43188071,605,79.25,591.25
20210316__Grzywacz_Tray2b_Tray3a_605_1987,28.44006494,-22.68814189,605,79.25,591.25
20210316__Grzywacz_Tray2b_Tray3a_605_1986,27.91667175,-22.66910635,605,79.25,591.25
20210316__Grzywacz_Tray2b_Tray3a_605_1985,27.08583136,-22.90564707,605,79.25,591.25
20210316__Grzywacz_Tray2b_Tray3a_605_1984,27.01317087,-22.57066787,605,79.25,591.25
20210316__Grzywacz_Tray2b_Tray3a_605_1983,27.22708902,-22.67152972,605,79.25,591.25
20210316__Grzywacz_Tray2b_Tray3a_605_1982,27.10502276,-22.7001853,605,79.25,591.25
20210316__Grzywacz_Tray2b_Tray3a_605_1981,27.34411043,-22.23825423,605,79.25,591.25
20210316__Grzywacz_Tray2b_Tray3a_605_1980,28.08354782,-21.96647659,605,79.25,591.25
20210316__Grzywacz_Tray2b_Tray3a_605_1979,27.41512684,-22.32518829,605,79.25,591.25
20210316__Grzywacz_Tray2b_Tray3a_605_1978,27.08766472,-22.55931931,605,79.25,591.25
20210316__Grzywacz_Tray2b_Tray3a_605_1977,27.98829775,-22.24765626,605,79.25,591.25
20210316__Grzywacz_Tray2b_Tray3a_605_1976,28.05162624,-22.13501059,605,79.25,591.25
20210316__Grzywacz_Tray2b_Tray3a_605_1975,27.47204414,-21.94639185,605,79.25,591.25
20210316__Grzywacz_Tray2b_Tray3a_605_1974,27.34609079,-22.08208738,605,79.25,591.25
20210316__Grzywacz_Tray2b_Tray3a_605_1973,27.18399782,-22.61841044,605,79.25,591.25
20210319__Grzywacz_Tray2b_Tray3a_605_2004,28.73418517,-23.34260316,605,79.25,591.25
20210319__Grzywacz_Tray3b_605_1972,27.54930407,-22.45776199,605,79.25,591.25
20210319__Grzywacz_Tray3b_605_1971,28.3421775,-21.76337926,605,79.25,591.25
20210319__Grzywacz_Tray3b_605_1970,26.91629768,-22.3916371,605,79.25,591.25
20210319__Grzywacz_Tray3b_605_1969,25.93728258,-22.85713036,605,79.25,591.25
20210319__Grzywacz_Tray3b_605_1968,26.43296211,-22.69105505,605,79.25,591.25
20210319__Grzywacz_Tray3b_605_1964,24.23248928,-23.04810526,605,79.25,591.25
20210319__Grzywacz_Tray3b_605_1961,27.78198757,-22.25404205,605,79.25,591.25
20210527__Grzywacz_Tray5b_Tray6a_606_2018,28.27661864,-24.73921944,606,83.25,507.5
20210527__Grzywacz_Tray5b_Tray6a_606_2017,28.66542938,-24.60688329,606,83.25,507.5
20210527__Grzywacz_Tray5b_Tray6a_606_2016,28.22795656,-24.83750567,606,83.25,507.5
20210527__Grzywacz_Tray5b_Tray6a_606_2015,28.18436178,-24.92757819,606,83.25,507.5
20210527__Grzywacz_Tray5b_Tray6a_606_2014,27.66654681,-25.16084959,606,83.25,507.5
20210527__Grzywacz_Tray5b_Tray6a_606_2013,27.92909076,-24.82325621,606,83.25,507.5
20210527__Grzywacz_Tray5b_Tray6a_606_2012,27.82322957,-25.44920308,606,83.25,507.5
20210527__Grzywacz_Tray5b_Tray6a_606_2011,27.48137503,-25.0912807,606,83.25,507.5
20210527__Grzywacz_Tray5b_Tray6a_606_2010,28.24202214,-25.6870452,606,83.25,507.5
20210527__Grzywacz_Tray5b_Tray6a_606_2009,28.93841354,-24.86101094,606,83.25,507.5
20210527__Grzywacz_Tray5b_Tray6a_606_2008,27.74577963,-25.39686217,606,83.25,507.5
20210527__Grzywacz_Tray5b_Tray6a_606_2007,28.35113181,-25.08665586,606,83.25,507.5
20210527__Grzywacz_Tray5b_Tray6a_606_2006,27.34992628,-25.0878092,606,83.25,507.5
20210527__Grzywacz_Tray5b_Tray6a_606_2005,26.74641386,-25.30206704,606,83.25,507.5
20210527__Grzywacz_Tray5b_Tray6a_606_2004,27.10792874,-25.70785173,606,83.25,507.5
20210529__Grzywacz_Tray6b_606_2003,27.73813668,-25.21829824,606,83.25,507.5
20210529__Grzywacz_Tray6b_606_2002,28.1893913,-24.6078327,606,83.25,507.5
20210529__Grzywacz_Tray6b_606_2001,28.57274622,-24.53790929,606,83.25,507.5
20210529__Grzywacz_Tray6b_606_2000,28.27752697,-24.5951916,606,83.25,507.5
20210529__Grzywacz_Tray6b_606_1998,28.54745598,-24.53886819,606,83.25,507.5
20210529__Grzywacz_Tray6b_606_1997,,,606,83.25,507.5
20210529__Grzywacz_Tray6b_606_1996,28.1081093,-24.78641349,606,83.25,507.5
20210529__Grzywacz_Tray6b_606_1995,27.36735287,-25.06123324,606,83.25,507.5
20210529__Grzywacz_Tray6b_606_1994,28.05454503,-25.01786522,606,83.25,507.5
20210529__Grzywacz_Tray6b_606_1993,26.69743949,-25.56963368,606,83.25,507.5
20210529__Grzywacz_Tray6b_606_1992,26.64670976,-25.16717792,606,83.25,507.5
20210529__Grzywacz_Tray6b_606_1991,27.57170911,-24.76737696,606,83.25,507.5
20210529__Grzywacz_Tray6b_606_1990,27.42590508,-24.76278843,606,83.25,507.5
20210529__Grzywacz_Tray6b_606_1989,27.66516207,-24.7214483,606,83.25,507.5
20210529__Grzywacz_Tray6b_606_1988,28.088704,-25.16817595,606,83.25,507.5
20210529__Grzywacz_Tray6b_606_1986,27.86089593,-25.14377063,606,83.25,507.5
20210529__Grzywacz_Tray6b_606_1985,27.08757414,-25.15833082,606,83.25,507.5
20210529__Grzywacz_Tray6b_606_1984,26.4998495,-25.1028372,606,83.25,507.5
20210529__Grzywacz_Tray6b_606_1983,27.93923702,-24.72975854,606,83.25,507.5
20210529__Grzywacz_Tray6b_606_1982,26.89662474,-24.88027247,606,83.25,507.5
20210529__Grzywacz_Tray6b_606_1981,27.75514595,-24.52878282,606,83.25,507.5
20210527__Grzywacz_Tray5b_Tray6a_607_2018,26.99747606,-22.69433198,607,86.25,443.75
20210527__Grzywacz_Tray5b_Tray6a_607_2017,27.84728445,-22.35158089,607,86.25,443.75
20210527__Grzywacz_Tray5b_Tray6a_607_2016,28.35862031,-22.28532362,607,86.25,443.75
20210527__Grzywacz_Tray5b_Tray6a_607_2015,28.13373635,-22.38152429,607,86.25,443.75
20210527__Grzywacz_Tray5b_Tray6a_607_2014,28.19793684,-22.14351653,607,86.25,443.75
20210527__Grzywacz_Tray5b_Tray6a_607_2013,27.52879002,-22.39000468,607,86.25,443.75
20210527__Grzywacz_Tray5b_Tray6a_607_2012,27.59021396,-22.25326618,607,86.25,443.75
20210527__Grzywacz_Tray5b_Tray6a_607_2011,27.35306448,-22.61273302,607,86.25,443.75
20210527__Grzywacz_Tray5b_Tray6a_607_2010,26.6192855,-22.67937679,607,86.25,443.75
20210527__Grzywacz_Tray5b_Tray6a_607_2006,28.25398142,-22.36320888,607,86.25,443.75
20210527__Grzywacz_Tray5b_Tray6a_607_2005,27.81428877,-22.69599225,607,86.25,443.75
20210527__Grzywacz_Tray5b_Tray6a_607_2004,27.11911845,-23.33974546,607,86.25,443.75
20210527__Grzywacz_Tray5b_Tray6a_607_2003,27.68097401,-22.98776814,607,86.25,443.75
20210527__Grzywacz_Tray5b_Tray6a_607_2002,27.58121526,-22.78435001,607,86.25,443.75
20210527__Grzywacz_Tray5b_Tray6a_607_2001,27.21132712,-22.69775976,607,86.25,443.75
20210527__Grzywacz_Tray5b_Tray6a_607_2000,27.37194424,-22.33011499,607,86.25,443.75
20210527__Grzywacz_Tray5b_Tray6a_607_1999,26.76990444,-22.91936,607,86.25,443.75
20210527__Grzywacz_Tray5b_Tray6a_607_1998,26.69755751,-22.66720963,607,86.25,443.75
20210527__Grzywacz_Tray5b_Tray6a_607_1997,27.68353603,-22.33065843,607,86.25,443.75
20210527__Grzywacz_Tray5b_Tray6a_607_1996,26.62632293,-22.33696132,607,86.25,443.75
20210527__Grzywacz_Tray5b_Tray6a_607_1995,26.45123052,-22.28971961,607,86.25,443.75
20210527__Grzywacz_Tray5b_Tray6a_607_1994,26.89374698,-22.33488806,607,86.25,443.75
20210527__Grzywacz_Tray5b_Tray6a_607_1993,26.12254735,-22.38650338,607,86.25,443.75
20210527__Grzywacz_Tray5b_Tray6a_607_1992,25.72698061,-22.55009421,607,86.25,443.75
20210527__Grzywacz_Tray5b_Tray6a_607_1991,26.06589878,-22.84990592,607,86.25,443.75
20210527__Grzywacz_Tray5b_Tray6a_607_1990,26.1508146,-23.09787008,607,86.25,443.75
20210527__Grzywacz_Tray5b_Tray6a_607_1989,26.14463378,-22.46371675,607,86.25,443.75
20210527__Grzywacz_Tray5b_Tray6a_607_1988,26.2795112,-22.26450701,607,86.25,443.75
20210527__Grzywacz_Tray5b_Tray6a_607_1987,26.17475549,-22.41706854,607,86.25,443.75
20210527__Grzywacz_Tray5b_Tray6a_607_1986,25.35849411,-22.8010481,607,86.25,443.75
20210527__Grzywacz_Tray5b_Tray6a_607_1985,24.87792599,-22.54804632,607,86.25,443.75
20210527__Grzywacz_Tray5b_Tray6a_607_1984,24.61192723,-22.79794252,607,86.25,443.75
20210527__Grzywacz_Tray5b_Tray6a_607_1983,26.39079157,-22.63317799,607,86.25,443.75
20210527__Grzywacz_Tray5b_Tray6a_607_1982,27.52331141,-21.7241938,607,86.25,443.75
20210527__Grzywacz_Tray5b_Tray6a_607_1981,27.64725923,-21.42503879,607,86.25,443.75
20210527__Grzywacz_Tray5b_Tray6a_607_1980,28.10505154,-21.5505505,607,86.25,443.75
20210527__Grzywacz_Tray5b_Tray6a_607_1979,27.46859343,-21.62909814,607,86.25,443.75
20210527__Grzywacz_Tray5b_Tray6a_607_1978,26.59737054,-22.72581322,607,86.25,443.75
20210527__Grzywacz_Tray5b_Tray6a_607_1977,26.01708708,-22.72378872,607,86.25,443.75
20210527__Grzywacz_Tray5b_Tray6a_607_1974,25.24179095,-23.40926062,607,86.25,443.75
20210527__Grzywacz_Tray5b_Tray6a_607_1973,25.3300436,-23.54058329,607,86.25,443.75
20210527__Grzywacz_Tray5b_Tray6a_607_1972,25.41727089,-23.43376979,607,86.25,443.75
20210527__Grzywacz_Tray5b_Tray6a_607_1971,25.54469228,-22.9247474,607,86.25,443.75
20210527__Grzywacz_Tray5b_Tray6a_607_1970,26.05132588,-22.52748039,607,86.25,443.75
20210527__Grzywacz_Tray5b_Tray6a_607_1969,25.9068075,-22.77916451,607,86.25,443.75
20210527__Grzywacz_Tray5b_Tray6a_607_1968,26.66184328,-22.34060862,607,86.25,443.75
20210527__Grzywacz_Tray5b_Tray6a_607_1966,27.1541486,-22.36501794,607,86.25,443.75
20210527__Grzywacz_Tray5b_Tray6a_607_1965,26.86985184,-22.19092455,607,86.25,443.75
20210527__Grzywacz_Tray5b_Tray6a_607_1964,27.98513859,-21.67279899,607,86.25,443.75
20210527__Grzywacz_Tray5b_Tray6a_607_1963,27.50012833,-22.0089483,607,86.25,443.75
20210527__Grzywacz_Tray5b_Tray6a_607_1962,27.76525671,-21.81614864,607,86.25,443.75
20210527__Grzywacz_Tray5b_Tray6a_607_1960,27.53237155,-22.21887724,607,86.25,443.75
20210319__Grzywacz_Tray3b_609_2018,26.84745682,-24.18182205,609,34,372.5
20210319__Grzywacz_Tray3b_609_2017,28.82768037,-23.64344246,609,34,372.5
20210319__Grzywacz_Tray3b_609_2016,28.12673142,-23.50366381,609,34,372.5
20210319__Grzywacz_Tray3b_609_2015,28.21722393,-23.49064403,609,34,372.5
20210319__Grzywacz_Tray3b_609_2014,28.22781178,-23.57941384,609,34,372.5
20210319__Grzywacz_Tray3b_609_2013,26.9129672,-23.80136807,609,34,372.5
20210319__Grzywacz_Tray3b_609_2012,27.95822643,-23.4440768,609,34,372.5
20210319__Grzywacz_Tray3b_609_2011,27.02864939,-23.89293189,609,34,372.5
20210319__Grzywacz_Tray3b_609_2010,26.80174898,-23.96395139,609,34,372.5
20210319__Grzywacz_Tray3b_609_2009,26.57464412,-23.77390581,609,34,372.5
20210319__Grzywacz_Tray3b_609_2008,27.73305414,-23.56071388,609,34,372.5
20210319__Grzywacz_Tray3b_609_2007,27.1868721,-23.77320666,609,34,372.5
20210319__Grzywacz_Tray3b_609_2006,26.41128354,-24.11711156,609,34,372.5
20210319__Grzywacz_Tray3b_609_2005,28.25870589,-23.50216851,609,34,372.5
20210319__Grzywacz_Tray3b_609_2004,28.47494998,-23.48391493,609,34,372.5
20210319__Grzywacz_Tray3b_609_2003,28.04736491,-23.88808024,609,34,372.5
20210319__Grzywacz_Tray3b_609_2002,28.55650962,-23.41955049,609,34,372.5
20210319__Grzywacz_Tray3b_609_2001,27.09383987,-23.26321989,609,34,372.5
20210319__Grzywacz_Tray3b_609_2000,27.62088367,-23.21166535,609,34,372.5
20210319__Grzywacz_Tray3b_609_1999,27.88444821,-23.05431711,609,34,372.5
20210319__Grzywacz_Tray3b_609_1998,28.06434106,-22.94964767,609,34,372.5
20210319__Grzywacz_Tray3b_609_1997,28.45309467,-22.90897818,609,34,372.5
20210319__Grzywacz_Tray3b_609_1996,27.10900067,-23.27740756,609,34,372.5
20210323__Grzywacz_Tray3c_Tray4a_609_1995,28.11769548,-22.80006766,609,34,372.5
20210323__Grzywacz_Tray3c_Tray4a_609_1994,27.2874659,-23.07197618,609,34,372.5
20210323__Grzywacz_Tray3c_Tray4a_609_1993,28.94670468,-22.50904598,609,34,372.5
20210323__Grzywacz_Tray3c_Tray4a_609_1992,28.57053965,-22.70461761,609,34,372.5
20210323__Grzywacz_Tray3c_Tray4a_609_1991,27.43663425,-22.65359556,609,34,372.5
20210323__Grzywacz_Tray3c_Tray4a_609_1990,28.21192353,-22.84473051,609,34,372.5
20210323__Grzywacz_Tray3c_Tray4a_609_1989,28.11813971,-22.44145649,609,34,372.5
20210323__Grzywacz_Tray3c_Tray4a_609_1988,27.73366405,-22.29648714,609,34,372.5
20210323__Grzywacz_Tray3c_Tray4a_609_1987,28.46280644,-21.79867636,609,34,372.5
20210323__Grzywacz_Tray3c_Tray4a_609_1986,28.45598524,-22.29038222,609,34,372.5
20210323__Grzywacz_Tray3c_Tray4a_609_1985,27.82621044,-22.1446095,609,34,372.5
20210323__Grzywacz_Tray3c_Tray4a_609_1984,26.75690266,-22.11077145,609,34,372.5
20210323__Grzywacz_Tray3c_Tray4a_609_1983,27.56271596,-21.73356557,609,34,372.5
20210323__Grzywacz_Tray3c_Tray4a_609_1982,,,609,34,372.5
20210323__Grzywacz_Tray3c_Tray4a_609_1981,26.98831174,-22.3614759,609,34,372.5
20210323__Grzywacz_Tray3c_Tray4a_609_1980,27.04753535,-22.19510511,609,34,372.5
20210323__Grzywacz_Tray3c_Tray4a_609_1979,28.28372638,-21.99154898,609,34,372.5
20210323__Grzywacz_Tray3c_Tray4a_609_1978,27.72241281,-22.17442341,609,34,372.5
20210323__Grzywacz_Tray3c_Tray4a_609_1977,27.72316009,-22.6146265,609,34,372.5
20210323__Grzywacz_Tray3c_Tray4a_609_1976,26.13670954,-22.82991965,609,34,372.5
20210323__Grzywacz_Tray3c_Tray4a_609_1975,26.13856652,-22.43073215,609,34,372.5
20210323__Grzywacz_Tray3c_Tray4a_609_1974,28.03742852,-21.88232631,609,34,372.5
20210323__Grzywacz_Tray3c_Tray4a_609_1973,26.08285611,-22.49487495,609,34,372.5
20210323__Grzywacz_Tray3c_Tray4a_609_1972,28.73935709,-22.11879367,609,34,372.5
20210323__Grzywacz_Tray3c_Tray4a_609_1971,27.99950382,-22.19996317,609,34,372.5
20210323__Grzywacz_Tray3c_Tray4a_609_1970,26.28122774,-22.26079893,609,34,372.5
20210323__Grzywacz_Tray3c_Tray4a_609_1969,29.08692015,-21.61765902,609,34,372.5
20210323__Grzywacz_Tray3c_Tray4a_609_1968,27.05314156,-22.08368973,609,34,372.5
20210323__Grzywacz_Tray3c_Tray4a_609_1967,28.81645544,-21.83653546,609,34,372.5
20210323__Grzywacz_Tray3c_Tray4a_609_1966,27.89955707,-22.18953034,609,34,372.5
20210323__Grzywacz_Tray3c_Tray4a_609_1965,27.50362174,-21.88019387,609,34,372.5
20210323__Grzywacz_Tray3c_Tray4a_609_1964,26.72782078,-22.10605558,609,34,372.5
20210323__Grzywacz_Tray3c_Tray4a_609_1963,27.59626136,-21.45895329,609,34,372.5
20210323__Grzywacz_Tray3c_Tray4a_609_1962,28.41219218,-21.54699544,609,34,372.5
20210323__Grzywacz_Tray3c_Tray4a_609_1961,27.61724572,-21.69866326,609,34,372.5
20210323__Grzywacz_Tray3c_Tray4a_609_1960,28.67994992,-21.61977034,609,34,372.5
20210319__Grzywacz_Tray3b_611_2018,29.22893344,-24.11178057,611,73.25,365
20210319__Grzywacz_Tray3b_611_2017,28.6935037,-24.08516375,611,73.25,365
20210319__Grzywacz_Tray3b_611_2016,29.40102903,-23.69034887,611,73.25,365
20210319__Grzywacz_Tray3b_611_2015,28.95140332,-24.3881162,611,73.25,365
20210319__Grzywacz_Tray3b_611_2014,29.2516699,-24.1106038,611,73.25,365
20210319__Grzywacz_Tray3b_611_2013,28.94346626,-24.09050033,611,73.25,365
20210319__Grzywacz_Tray3b_611_2012,28.86398889,-24.08333716,611,73.25,365
20210319__Grzywacz_Tray3b_611_2011,28.26515292,-24.24022695,611,73.25,365
20210319__Grzywacz_Tray3b_611_2010,28.37608707,-23.76060696,611,73.25,365
20210319__Grzywacz_Tray3b_611_2009,26.8818252,-24.51824389,611,73.25,365
20210319__Grzywacz_Tray3b_611_2008,28.88799915,-23.84039292,611,73.25,365
20210319__Grzywacz_Tray3b_611_2007,28.42899367,-23.92335699,611,73.25,365
20210319__Grzywacz_Tray3b_611_2006,27.36920123,-24.14146393,611,73.25,365
20210319__Grzywacz_Tray3b_611_2005,28.07049553,-24.11797422,611,73.25,365
20210319__Grzywacz_Tray3b_611_2004,26.03974883,-24.64338792,611,73.25,365
20210319__Grzywacz_Tray3b_611_2003,27.21079,-23.94783218,611,73.25,365
20210319__Grzywacz_Tray3b_611_2002,25.6745145,-24.30448861,611,73.25,365
20210319__Grzywacz_Tray3b_611_2001,27.52288088,-23.69001941,611,73.25,365
20210319__Grzywacz_Tray3b_611_1981,28.42466239,-22.55910616,611,73.25,365
20210319__Grzywacz_Tray3b_611_1980,27.58720046,-23.00645258,611,73.25,365
20210319__Grzywacz_Tray3b_611_1979,28.52614239,-22.9443674,611,73.25,365
20210319__Grzywacz_Tray3b_611_1978,28.45483359,-23.32816708,611,73.25,365
20210319__Grzywacz_Tray3b_611_1977,28.92333795,-23.12746793,611,73.25,365
20210319__Grzywacz_Tray3b_611_1976,28.53816116,-23.09736397,611,73.25,365
20210319__Grzywacz_Tray3b_611_1975,28.14695702,-22.97781354,611,73.25,365
20210319__Grzywacz_Tray3b_611_1974,28.20907355,-22.90519963,611,73.25,365
20210319__Grzywacz_Tray3b_611_1973,28.65965488,-22.82403094,611,73.25,365
20210319__Grzywacz_Tray3b_611_1972,27.51362072,-22.92062898,611,73.25,365
20210319__Grzywacz_Tray3b_611_1971,27.82929106,-22.48926017,611,73.25,365
20210319__Grzywacz_Tray3b_611_1970,28.39011579,-22.25645815,611,73.25,365
20210319__Grzywacz_Tray3b_611_1969,27.99218499,-22.43049664,611,73.25,365
20210319__Grzywacz_Tray3b_611_1968,27.77150502,-22.79333313,611,73.25,365
20210319__Grzywacz_Tray3b_611_1967,29.23857582,-22.59285479,611,73.25,365
20210319__Grzywacz_Tray3b_611_1966,28.07763973,-22.91452693,611,73.25,365
20210319__Grzywacz_Tray3b_611_1965,28.31624143,-22.66548853,611,73.25,365
20210319__Grzywacz_Tray3b_611_1964,28.15332808,-22.2201508,611,73.25,365
20210319__Grzywacz_Tray3b_611_1963,28.52785521,-22.10391941,611,73.25,365
20210319__Grzywacz_Tray3b_611_1962,25.56579615,-22.66199304,611,73.25,365
20210319__Grzywacz_Tray3b_611_1961,29.21004621,-21.86780426,611,73.25,365
20210319__Grzywacz_Tray3b_611_1960,28.6196177,-22.16827135,611,73.25,365
20210323__Grzywacz_Tray3c_Tray4a_612_2016,28.77497418,-23.93514933,612,80.75,335
20210323__Grzywacz_Tray3c_Tray4a_612_2015,28.67018648,-23.80856376,612,80.75,335
20210323__Grzywacz_Tray3c_Tray4a_612_2014,28.30498987,-23.88859953,612,80.75,335
20210323__Grzywacz_Tray3c_Tray4a_612_2013,29.51903692,-23.31987388,612,80.75,335
20210323__Grzywacz_Tray3c_Tray4a_612_2012,27.75550067,-23.19956658,612,80.75,335
20210323__Grzywacz_Tray3c_Tray4a_612_2011,27.74576749,-23.58313666,612,80.75,335
20210323__Grzywacz_Tray3c_Tray4a_612_2010,27.86212978,-23.52434815,612,80.75,335
20210323__Grzywacz_Tray3c_Tray4a_612_2009,27.8321389,-23.28693936,612,80.75,335
20210323__Grzywacz_Tray3c_Tray4a_612_2008,27.39674891,-23.64352279,612,80.75,335
20210323__Grzywacz_Tray3c_Tray4a_612_2007,29.38327122,-23.19160951,612,80.75,335
20210323__Grzywacz_Tray3c_Tray4a_612_2006,27.69995052,-23.45585308,612,80.75,335
20210323__Grzywacz_Tray3c_Tray4a_612_2005,27.8924406,-23.24875625,612,80.75,335
20210323__Grzywacz_Tray3c_Tray4a_612_2004,28.5528855,-23.51290104,612,80.75,335
20210323__Grzywacz_Tray3c_Tray4a_612_2003,28.64365184,-23.358445,612,80.75,335
20210323__Grzywacz_Tray3c_Tray4a_612_2002,27.88706588,-23.6624236,612,80.75,335
20210323__Grzywacz_Tray3c_Tray4a_612_2001,28.55729436,-23.25074223,612,80.75,335
20210323__Grzywacz_Tray3c_Tray4a_612_2000,27.91656803,-23.31541057,612,80.75,335
20210323__Grzywacz_Tray3c_Tray4a_612_1999,28.26677181,-23.10476899,612,80.75,335
20210323__Grzywacz_Tray3c_Tray4a_612_1998,28.45495015,-23.0839977,612,80.75,335
20210323__Grzywacz_Tray3c_Tray4a_612_1997,28.2209015,-23.14436626,612,80.75,335
20210323__Grzywacz_Tray3c_Tray4a_612_1996,27.51858568,-23.29202122,612,80.75,335
20210323__Grzywacz_Tray3c_Tray4a_612_1995,27.55411694,-22.88787988,612,80.75,335
20210323__Grzywacz_Tray3c_Tray4a_612_1994,28.68416129,-22.83652104,612,80.75,335
20210323__Grzywacz_Tray3c_Tray4a_612_1993,28.62702142,-22.98089161,612,80.75,335
20210323__Grzywacz_Tray3c_Tray4a_612_1992,27.87735125,-22.91668378,612,80.75,335
20210323__Grzywacz_Tray3c_Tray4a_612_1991,28.11236616,-23.1120208,612,80.75,335
20210323__Grzywacz_Tray3c_Tray4a_612_1990,26.96701421,-23.29306241,612,80.75,335
20210323__Grzywacz_Tray3c_Tray4a_612_1989,28.06599432,-22.92243316,612,80.75,335
20210323__Grzywacz_Tray3c_Tray4a_612_1988,27.99607358,-22.66675791,612,80.75,335
20210323__Grzywacz_Tray3c_Tray4a_612_1987,28.12076995,-22.78146521,612,80.75,335
20210323__Grzywacz_Tray3c_Tray4a_612_1986,27.92235488,-22.95106403,612,80.75,335
20210323__Grzywacz_Tray3c_Tray4a_612_1985,27.62134933,-23.04400252,612,80.75,335
20210323__Grzywacz_Tray3c_Tray4a_612_1984,28.1367668,-22.45976388,612,80.75,335
20210323__Grzywacz_Tray3c_Tray4a_612_1983,27.87937335,-22.36153169,612,80.75,335
20210323__Grzywacz_Tray3c_Tray4a_612_1982,27.94322553,-22.80303582,612,80.75,335
20210323__Grzywacz_Tray3c_Tray4a_612_1981,27.72030775,-22.3882863,612,80.75,335
20210329__Grzywacz_Tray4b_Tray5a_612_1980,28.94753119,-22.20215517,612,80.75,335
20210329__Grzywacz_Tray4b_Tray5a_612_1979,28.88616067,-22.03157291,612,80.75,335
20210329__Grzywacz_Tray4b_Tray5a_612_1978,28.40684283,-22.39655573,612,80.75,335
20210329__Grzywacz_Tray4b_Tray5a_612_1977,29.02901923,-22.50539802,612,80.75,335
20210329__Grzywacz_Tray4b_Tray5a_612_1976,27.69714155,-22.90323726,612,80.75,335
20210329__Grzywacz_Tray4b_Tray5a_612_1975,28.43953454,-22.74370896,612,80.75,335
20210329__Grzywacz_Tray4b_Tray5a_612_1974,28.76790835,-22.65854579,612,80.75,335
20210329__Grzywacz_Tray4b_Tray5a_612_1972,28.40471596,-22.94595558,612,80.75,335
20210329__Grzywacz_Tray4b_Tray5a_612_1971,28.03502395,-22.88424924,612,80.75,335
20210329__Grzywacz_Tray4b_Tray5a_612_1970,28.41286501,-22.44128118,612,80.75,335
20210329__Grzywacz_Tray4b_Tray5a_612_1969,28.93269529,-22.10575411,612,80.75,335
20210329__Grzywacz_Tray4b_Tray5a_612_1968,28.42045678,-22.56328023,612,80.75,335
20210329__Grzywacz_Tray4b_Tray5a_612_1967,28.45267777,-22.54280097,612,80.75,335
20210329__Grzywacz_Tray4b_Tray5a_612_1966,28.58605196,-22.57107378,612,80.75,335
20210329__Grzywacz_Tray4b_Tray5a_612_1965,28.90490881,-22.58144752,612,80.75,335
20210329__Grzywacz_Tray4b_Tray5a_612_1964,28.80783438,-22.35128418,612,80.75,335
20210329__Grzywacz_Tray4b_Tray5a_612_1963,28.88528999,-21.79798924,612,80.75,335
20210329__Grzywacz_Tray4b_Tray5a_612_1962,28.83592515,-22.1681087,612,80.75,335
20210329__Grzywacz_Tray4b_Tray5a_612_1961,28.59239773,-21.88319746,612,80.75,335
20210329__Grzywacz_Tray4b_Tray5a_612_1960,28.23198649,-22.17189837,612,80.75,335
20210310__Grzywacz_Tray1a_617_2018,28.43421435,-23.14117205,617,81.25,256.25
20210310__Grzywacz_Tray1a_617_2017,28.72647383,-22.915819,617,81.25,256.25
20210310__Grzywacz_Tray1a_617_2016,28.68910451,-23.0434078,617,81.25,256.25
20210310__Grzywacz_Tray1a_617_2015,28.51764533,-23.38472846,617,81.25,256.25
20210310__Grzywacz_Tray1a_617_2014,28.40585293,-23.24599337,617,81.25,256.25
20210310__Grzywacz_Tray1a_617_2013,28.940645,-23.07299721,617,81.25,256.25
20210310__Grzywacz_Tray1a_617_2012,28.37175558,-23.12179445,617,81.25,256.25
20210310__Grzywacz_Tray1a_617_2011,,,617,81.25,256.25
20210310__Grzywacz_Tray1a_617_2010,28.74748476,-23.06451793,617,81.25,256.25
20210310__Grzywacz_Tray1a_617_2009,28.44000269,-23.3567343,617,81.25,256.25
20210310__Grzywacz_Tray1a_617_2008,28.24543452,-23.13496611,617,81.25,256.25
20210310__Grzywacz_Tray1a_617_2007,28.19050273,-23.07255239,617,81.25,256.25
20210310__Grzywacz_Tray1a_617_2006,28.49503084,-23.14376553,617,81.25,256.25
20210310__Grzywacz_Tray1a_617_2005,28.18333201,-23.47680724,617,81.25,256.25
20210310__Grzywacz_Tray1a_617_2004,28.11191947,-23.66190088,617,81.25,256.25
20210310__Grzywacz_Tray1a_617_2003,28.3567256,-23.41883615,617,81.25,256.25
20210310__Grzywacz_Tray1a_617_2002,28.82554819,-23.18635271,617,81.25,256.25
20210310__Grzywacz_Tray1a_617_2001,28.41133506,-23.21530358,617,81.25,256.25
20210310__Grzywacz_Tray1a_617_2000,28.40275583,-23.3280639,617,81.25,256.25
20210310__Grzywacz_Tray1a_617_1999,28.13645772,-23.26216045,617,81.25,256.25
20210310__Grzywacz_Tray1a_617_1998,28.06688411,-23.23789182,617,81.25,256.25
20210310__Grzywacz_Tray1a_617_1997,28.47077671,-23.24692615,617,81.25,256.25
20210310__Grzywacz_Tray1a_617_1996,28.81590952,-23.23409583,617,81.25,256.25
20210310__Grzywacz_Tray1a_617_1995,28.78328281,-22.98569688,617,81.25,256.25
20210310__Grzywacz_Tray1a_617_1994,28.73262279,-22.86624659,617,81.25,256.25
20210310__Grzywacz_Tray1a_617_1993,28.35829967,-22.99830101,617,81.25,256.25
20210310__Grzywacz_Tray1a_617_1992,28.28064397,-23.15470515,617,81.25,256.25
20210310__Grzywacz_Tray1a_617_1991,28.20632868,-23.12838777,617,81.25,256.25
20210310__Grzywacz_Tray1a_617_1990,27.8569303,-23.16398898,617,81.25,256.25
20210310__Grzywacz_Tray1a_617_1989,28.16609048,-22.82794601,617,81.25,256.25
20210310__Grzywacz_Tray1a_617_1988,28.929975,-22.57432526,617,81.25,256.25
20210310__Grzywacz_Tray1a_617_1987,28.20466883,-23.06465683,617,81.25,256.25
20210310__Grzywacz_Tray1a_617_1986,27.5991554,-23.09583499,617,81.25,256.25
20210310__Grzywacz_Tray1a_617_1985,27.05667097,-23.09995675,617,81.25,256.25
20210310__Grzywacz_Tray1a_617_1984,27.78405027,-22.74545937,617,81.25,256.25
20210310__Grzywacz_Tray1a_617_1983,28.23518365,-22.54087853,617,81.25,256.25
20210310__Grzywacz_Tray1a_617_1982,28.08146396,-22.32485432,617,81.25,256.25
20210310__Grzywacz_Tray1a_617_1981,28.35081357,-22.2340021,617,81.25,256.25
20210310__Grzywacz_Tray1a_617_1980,28.05399894,-22.49621839,617,81.25,256.25
20210310__Grzywacz_Tray1a_617_1979,28.17490404,-22.64171319,617,81.25,256.25
20210310__Grzywacz_Tray1a_617_1978,28.15597979,-22.89216008,617,81.25,256.25
20210310__Grzywacz_Tray1a_617_1977,27.64972499,-22.90659278,617,81.25,256.25
20210310__Grzywacz_Tray1a_617_1976,27.7195654,-22.90564873,617,81.25,256.25
20210310__Grzywacz_Tray1a_617_1975,27.09521983,-23.00106363,617,81.25,256.25
20210310__Grzywacz_Tray1a_617_1974,27.62852601,-22.80321222,617,81.25,256.25
20210310__Grzywacz_Tray1a_617_1973,27.52233293,-23.01772929,617,81.25,256.25
20210310__Grzywacz_Tray1a_617_1972,27.79350377,-22.94175893,617,81.25,256.25
20210310__Grzywacz_Tray1a_617_1971,27.21911397,-22.67845389,617,81.25,256.25
20210310__Grzywacz_Tray1a_617_1970,26.83741654,-22.2001655,617,81.25,256.25
20210310__Grzywacz_Tray1a_617_1969,27.42353766,-22.58887075,617,81.25,256.25
20210310__Grzywacz_Tray1a_617_1968,27.84372216,-22.23369421,617,81.25,256.25
20210310__Grzywacz_Tray1a_617_1967,28.42581428,-22.44583505,617,81.25,256.25
20210310__Grzywacz_Tray1a_617_1966,28.12484655,-22.57202035,617,81.25,256.25
20210310__Grzywacz_Tray1a_617_1965,28.33107745,-22.04026437,617,81.25,256.25
20210310__Grzywacz_Tray1a_617_1964,27.33331993,-22.36502465,617,81.25,256.25
20210310__Grzywacz_Tray1a_617_1963,,,617,81.25,256.25
20210310__Grzywacz_Tray1a_617_1962,27.54156378,-21.91537316,617,81.25,256.25
20210310__Grzywacz_Tray1a_617_1961,27.89685511,-21.85399342,617,81.25,256.25
20210310__Grzywacz_Tray1a_617_1960,27.52680222,-21.85202587,617,81.25,256.25
20210313__Grzywacz_Tray1b_Tray2a_619_2018,29.09678119,-23.098848,619,84.25,356.25
20210313__Grzywacz_Tray1b_Tray2a_619_2017,27.61781571,-23.52754705,619,84.25,356.25
20210313__Grzywacz_Tray1b_Tray2a_619_2016,27.1581067,-23.83794286,619,84.25,356.25
20210313__Grzywacz_Tray1b_Tray2a_619_2015,27.28450095,-24.07559915,619,84.25,356.25
20210313__Grzywacz_Tray1b_Tray2a_619_2014,26.98052255,-23.78618222,619,84.25,356.25
20210313__Grzywacz_Tray1b_Tray2a_619_2013,27.59790882,-23.46131376,619,84.25,356.25
20210313__Grzywacz_Tray1b_Tray2a_619_2012,26.27565854,-23.74966834,619,84.25,356.25
20210313__Grzywacz_Tray1b_Tray2a_619_2011,26.69498204,-23.42897988,619,84.25,356.25
20210313__Grzywacz_Tray1b_Tray2a_619_2010,26.86835447,-23.45958163,619,84.25,356.25
20210313__Grzywacz_Tray1b_Tray2a_619_2009,26.94580236,-23.58044941,619,84.25,356.25
20210313__Grzywacz_Tray1b_Tray2a_619_2008,27.20449343,-23.65642629,619,84.25,356.25
20210313__Grzywacz_Tray1b_Tray2a_619_2007,27.15028494,-23.26634487,619,84.25,356.25
20210313__Grzywacz_Tray1b_Tray2a_619_2006,27.42238124,-23.41376142,619,84.25,356.25
20210313__Grzywacz_Tray1b_Tray2a_619_2005,27.4514855,-23.4879928,619,84.25,356.25
20210313__Grzywacz_Tray1b_Tray2a_619_2004,27.14228744,-23.88040145,619,84.25,356.25
20210313__Grzywacz_Tray1b_Tray2a_619_2003,27.72353352,-23.58180878,619,84.25,356.25
20210313__Grzywacz_Tray1b_Tray2a_619_2002,27.74221685,-23.39781443,619,84.25,356.25
20210313__Grzywacz_Tray1b_Tray2a_619_2001,27.48123779,-23.47981598,619,84.25,356.25
20210313__Grzywacz_Tray1b_Tray2a_619_2000,27.00024493,-23.4473963,619,84.25,356.25
20210313__Grzywacz_Tray1b_Tray2a_619_1999,27.23060846,-23.4798154,619,84.25,356.25
20210313__Grzywacz_Tray1b_Tray2a_619_1998,28.06644251,-23.29780177,619,84.25,356.25
20210313__Grzywacz_Tray1b_Tray2a_619_1997,28.11208721,-23.13877726,619,84.25,356.25
20210313__Grzywacz_Tray1b_Tray2a_619_1996,26.48194119,-23.63543872,619,84.25,356.25
20210313__Grzywacz_Tray1b_Tray2a_619_1995,26.60628277,-23.7331125,619,84.25,356.25
20210313__Grzywacz_Tray1b_Tray2a_619_1994,28.41049664,-23.14429685,619,84.25,356.25
20210313__Grzywacz_Tray1b_Tray2a_619_1993,26.45138361,-23.47091902,619,84.25,356.25
20210313__Grzywacz_Tray1b_Tray2a_619_1992,25.78112476,-23.67449239,619,84.25,356.25
20210313__Grzywacz_Tray1b_Tray2a_619_1991,26.11853547,-24.19163509,619,84.25,356.25
20210313__Grzywacz_Tray1b_Tray2a_619_1990,26.52701551,-23.73687858,619,84.25,356.25
20210313__Grzywacz_Tray1b_Tray2a_619_1989,27.10929127,-23.32038327,619,84.25,356.25
20210313__Grzywacz_Tray1b_Tray2a_619_1988,26.08078165,-23.57393616,619,84.25,356.25
20210316__Grzywacz_Tray2b_Tray3a_619_1987,28.77242225,-22.52361306,619,84.25,356.25
20210316__Grzywacz_Tray2b_Tray3a_619_1986,28.34572295,-22.24724126,619,84.25,356.25
20210316__Grzywacz_Tray2b_Tray3a_619_1985,28.28384373,-22.22861408,619,84.25,356.25
20210316__Grzywacz_Tray2b_Tray3a_619_1984,28.57061936,-22.09479906,619,84.25,356.25
20210316__Grzywacz_Tray2b_Tray3a_619_1983,28.38206134,-22.02778475,619,84.25,356.25
20210316__Grzywacz_Tray2b_Tray3a_619_1982,27.24496721,-22.50572757,619,84.25,356.25
20210316__Grzywacz_Tray2b_Tray3a_619_1980,28.90587603,-22.62347501,619,84.25,356.25
20210316__Grzywacz_Tray2b_Tray3a_619_1978,,,619,84.25,356.25
20210316__Grzywacz_Tray2b_Tray3a_619_1977,,,619,84.25,356.25
20210316__Grzywacz_Tray2b_Tray3a_619_1976,,,619,84.25,356.25
20210316__Grzywacz_Tray2b_Tray3a_619_1975,,,619,84.25,356.25
20210316__Grzywacz_Tray2b_Tray3a_619_1974,,,619,84.25,356.25
20210316__Grzywacz_Tray2b_Tray3a_619_1973,,,619,84.25,356.25
20210316__Grzywacz_Tray2b_Tray3a_619_1972,26.46527075,-22.85848462,619,84.25,356.25
20210316__Grzywacz_Tray2b_Tray3a_619_1971,26.91556902,-22.43803232,619,84.25,356.25
20210316__Grzywacz_Tray2b_Tray3a_619_1970,27.67873018,-22.39213764,619,84.25,356.25
20210316__Grzywacz_Tray2b_Tray3a_619_1969,27.1093383,-22.40006414,619,84.25,356.25
20210316__Grzywacz_Tray2b_Tray3a_619_1968,26.30704682,-22.74000627,619,84.25,356.25
20210316__Grzywacz_Tray2b_Tray3a_619_1967,27.85208866,-22.73316028,619,84.25,356.25
20210316__Grzywacz_Tray2b_Tray3a_619_1966,27.13841878,-22.64871212,619,84.25,356.25
20210316__Grzywacz_Tray2b_Tray3a_619_1965,27.65435785,-22.40792495,619,84.25,356.25
20210316__Grzywacz_Tray2b_Tray3a_619_1962,28.09996663,-22.16766598,619,84.25,356.25
20210316__Grzywacz_Tray2b_Tray3a_619_1961,27.99561807,-22.11391617,619,84.25,356.25
20210316__Grzywacz_Tray2b_Tray3a_619_1960,26.66595008,-22.54640385,619,84.25,356.25
