year,month,gnip,precip,temp,vpd,pet,rad
1959,1,,1.699870996,14.30296741,8.911096687,5.723483658,24.10025826
1959,2,,8.320856991,12.46242882,6.041999989,4.054142818,18.14842834
1959,3,,3.030838661,11.11619377,5.171999931,2.997677431,14.19083885
1959,4,,9.951599922,9.476800156,3.750266724,1.82119998,9.78666687
1959,5,,6.225806427,6.230645294,2.540387154,0.878322589,6.591483879
1959,6,,8.960666466,5.598799934,1.849866667,0.462933345,4.861866608
1959,7,,10.09096794,5.068387012,1.733548403,0.53599999,5.419354916
1959,8,,13.33187065,4.602387085,2.586451626,1.395741916,9.370709419
1959,9,,6.241200047,5.251600151,3.195599909,2.215600042,13.41133354
1959,10,,6.240258121,7.462645035,4.127999878,3.454451656,19.17819382
1959,11,,3.817199965,10.74906635,5.671999912,4.206399803,19.53626617
1959,12,,7.837419205,11.14554821,4.877548504,4.182322502,19.71754814
1960,1,,4.879354763,14.04141922,8.411612892,5.593032169,23.6126445
1960,2,,8.399310093,11.15275852,5.342344875,3.845655193,18.47186218
1960,3,,3.869677401,11.54090317,4.474064636,2.77341938,13.93032257
1960,4,,11.51386684,7.981000023,2.628266649,1.400666666,8.533999977
1960,5,,17.38180706,5.52503233,1.58967741,0.55548389,5.089806461
1960,6,,9.275199966,4.299800014,1.976933355,0.49013334,5.978666725
1960,7,,11.53999989,4.287612953,1.328000002,0.464774199,5.065419388
1960,8,,4.099870968,4.043871021,2.164903164,1.185548353,9.188387184
1960,9,,4.922800026,6.09053318,2.76173337,1.980800018,12.394133
1960,10,,7.391870956,7.714515915,3.827354765,3.135871038,17.43458076
1960,11,,9.9702668,7.224866829,3.364399939,3.381066599,18.52013344
1960,12,,0.974064493,13.20832237,8.303226185,5.798967857,25.33212936
1961,1,,1.847354836,15.4361937,9.752257881,6.23174202,25.4725161
1961,2,,4.593285713,13.52100006,7.373142967,4.52099987,19.9018576
1961,3,,3.273677349,11.61677441,4.946451759,3.044774199,14.81354828
1961,4,,7.710266533,9.579666481,3.200133324,1.658666663,8.871333427
1961,5,,9.710193481,6.555161247,2.018709669,0.686838734,6.034580708
1961,6,,12.28706688,5.466066685,1.817200003,0.445866671,4.964266567
1961,7,,8.154838753,4.2446451,1.956903191,0.590322578,5.755741959
1961,8,,4.143225842,5.283354893,2.461032238,1.270322585,9.121419334
1961,9,,6.933866634,6.903999977,3.920266705,2.533599968,14.52626663
1961,10,,7.187483807,9.098322525,3.781935501,2.970709705,15.52077396
1961,11,,4.806266785,9.794666862,4.525599861,3.824666643,19.68960045
1961,12,,6.031354713,11.88632256,5.57677412,4.546967697,21.38748428
1962,1,,2.163225822,13.18535492,7.735096741,5.472645187,23.84451622
1962,2,,7.814285641,11.86714294,6.177000065,4.273142815,19.50157104
1962,3,,9.207354851,11.44858089,4.44683857,2.658967686,13.05290325
1962,4,,3.597599983,8.694933128,3.356800041,1.720666623,10.5185331
1962,5,,10.00451637,6.331548195,2.041548414,0.703096783,5.843354988
1962,6,,19.1290667,6.27553318,1.683599997,0.412400007,4.499866753
1962,7,,11.01819328,4.77703228,1.917677431,0.548774183,5.128258038
1962,8,,12.24683876,3.95870966,2.115870934,1.083612895,7.80954834
1962,9,,8.940666428,5.714866714,3.341200066,2.193866615,12.58213341
1962,10,,9.426580925,6.070129013,3.29922575,2.749161339,15.59999992
1962,11,,8.614800243,8.585333481,4.537199917,4.152666645,21.58013351
1962,12,,2.616129026,11.41425797,6.382193451,4.842193699,22.33483917
1963,1,,3.155612898,13.28819344,6.827096672,4.689806366,20.58606499
1963,2,,4.31785717,11.02578552,4.942000027,3.781571426,19.04471489
1963,3,,6.462451553,10.43722572,4.705161285,2.925677385,14.48606461
1963,4,,5.68693325,7.850666656,3.076133261,1.629333301,10.22320004
1963,5,,4.634967861,5.554580822,2.946322546,0.97483871,7.461161327
1963,6,,5.5049333,4.588199844,2.458133373,0.512533345,5.345999966
1963,7,,7.398193626,3.701483765,1.854064493,0.597032261,5.198709583
1963,8,,7.604258041,4.636193695,2.534967813,1.268774204,8.52348362
1963,9,,12.9036002,6.23939991,3.348800001,2.188000059,12.90279964
1963,10,,4.061419411,10.15974216,5.253290176,3.493419361,16.87470947
1963,11,,8.654933586,8.957733345,4.888800011,3.841733303,19.18453377
1963,12,,3.903483791,11.11516151,6.47612915,5.107612896,24.26490387
1964,1,,12.64993546,10.11838715,5.055483932,3.768129063,18.10632256
1964,2,,8.45544817,11.34193123,5.243310318,3.480827608,15.92648247
1964,3,,7.418580704,9.68148365,4.544516182,2.742838717,14.13664505
1964,4,,3.988133383,9.304733238,3.201866655,1.553199997,8.809466629
1964,5,,12.94619347,6.535741806,2.003096781,0.665032265,5.641548347
1964,6,,7.00600008,4.873266754,1.895199957,0.478133342,4.879599972
1964,7,,14.99651623,3.572322598,1.303741961,0.473419368,5.002838802
1964,8,,22.49341942,4.768709755,1.603096743,0.943096766,7.141806431
1964,9,,11.3535997,5.746999893,2.163733282,1.60986671,10.68599987
1964,10,,6.871870804,7.027419395,3.123612928,2.749161339,15.88993538
1964,11,,7.032266502,8.531800041,4.431199932,3.705866756,18.82466721
1964,12,,15.21277382,8.420709648,3.670193577,3.416387072,17.53922623
1965,1,,6.208000107,10.49870964,6.01264534,4.670967674,22.13729065
1965,2,,2.766999993,12.5102145,7.261428604,4.634999943,21.2879998
1965,3,,11.32619381,9.960709763,5.09096777,2.841419315,13.62929035
1965,4,,6.62693325,6.967000084,2.989200001,1.576133308,9.809199791
1965,5,,15.00890335,6.308129082,2.092387114,0.687741947,5.578193569
1965,6,,13.00359982,5.289599915,1.625600023,0.408000005,4.394400139
1965,7,,7.469806423,3.63283865,1.562193556,0.487096779,5.51961298
1965,8,,4.24180666,5.198064575,2.239741898,1.076774168,7.775741768
1965,9,,8.323600082,6.229800072,2.330400019,1.598133287,10.52799984
1965,10,,3.813548374,7.854387245,4.682322502,3.494967747,18.81948357
1965,11,,6.629466457,7.822199898,4.497599926,3.738800106,19.4234671
1965,12,,4.242967796,12.23638733,6.36580637,5.023741913,22.95638672
1966,1,,2.390838785,12.61419373,7.658709641,5.28283884,23.92077377
1966,2,,2.625571375,12.3614999,5.85314291,3.788714199,17.71585648
1966,3,,5.790580673,12.229226,6.634580708,3.249032307,13.42090309
1966,4,,8.605466843,7.959133377,2.466000023,1.30666666,8.147333221
1966,5,,9.677161255,6.664193535,1.920903225,0.689290335,5.603354836
1966,6,,4.873600101,4.401399975,1.94119998,0.452533355,4.595866776
1966,7,,9.622322769,3.739483929,1.611483841,0.559225833,5.46825819
1966,8,,5.559354877,4.406645184,2.222580662,1.110322618,7.86735466
1966,9,,5.549200134,6.318866425,3.16133337,1.928799982,10.86999992
1966,10,,4.678193588,7.733354797,4.593677425,3.186967802,16.42851639
1966,11,,5.600933323,9.469866409,5.285466728,3.999733372,19.25373375
1966,12,,3.375483856,10.04038712,4.893161182,4.179870892,20.85199951
1967,1,,4.672129154,10.74825775,5.620903301,4.369161415,21.16800056
1967,2,,2.799000115,13.40314312,8.873714333,5.021428585,21.05071419
1967,3,,3.443999958,10.58348385,5.357032204,3.086838684,14.80567768
1967,4,,4.907866802,8.825000229,3.617199993,1.71653337,9.821599808
1967,5,,3.448387003,6.866129112,3.039483871,0.940129046,7.095741844
1967,6,,4.471599865,6.178799973,2.084533329,0.457733331,4.679733448
1967,7,,5.668645077,4.626064625,2.089032288,0.577677429,5.548516102
1967,8,,6.950193672,4.376903229,2.172774153,1.032000017,7.941935616
1967,9,,6.200533371,5.339866562,2.35653327,1.616933312,10.87639988
1967,10,,5.180128994,7.373548393,3.822580719,2.821677399,15.35741928
1967,11,,6.09106678,8.005733299,4.444800205,3.49800005,17.94280037
1967,12,,5.685935307,9.469354668,5.190451622,4.097806454,20.55393539
1968,1,,3.520129061,12.65122604,7.675096703,5.323742104,23.95948357
1968,2,,6.387586136,13.3339312,6.744689617,4.118069057,17.90786209
1968,3,,4.397806406,11.74012909,5.02632267,2.721677494,12.67045185
1968,4,,9.521333199,8.748999901,2.830400066,1.2996,7.093999958
1968,5,,13.60774162,4.704451599,1.2763871,0.516903234,4.635225773
1968,6,,11.83600033,3.887933388,1.296933336,0.386400006,4.147866783
1968,7,,8.600387001,3.862516117,1.205032253,0.429806454,4.385419559
1968,8,,12.62064491,4.110064507,1.487354832,0.828774199,6.698064518
1968,9,,9.089199905,4.876866741,1.768133297,1.339599991,9.60413353
1968,10,,9.261290512,6.085483818,2.818064442,2.323870955,13.70129032
1968,11,,12.31799999,6.669200134,2.630800028,2.453599939,14.51200008
1968,12,,3.601548347,10.26903236,5.263999939,4.345548229,21.71199989
1969,1,,6.37858057,12.43103207,6.891612892,4.756128883,21.45922661
1969,2,,7.861142883,14.02614258,6.115142879,3.784285679,15.82185707
1969,3,,4.869806461,11.5905159,4.709290314,2.823225784,13.74374226
1969,4,,8.951600418,8.38866642,2.690133343,1.325733314,7.833199959
1969,5,,4.917935438,6.467483864,2.309290266,0.76335485,5.820774364
1969,6,,5.117866631,3.884599934,2.033466635,0.491466668,5.168933277
1969,7,,10.92541962,4.879548473,1.193677402,0.423483877,4.077935505
1969,8,,8.523354759,5.398257866,2.178580627,1.100258036,7.892903099
1969,9,,9.892800217,3.809799995,1.985599947,1.395866699,9.800533295
1969,10,,3.117419338,7.825871201,4.743612862,3.355225754,17.39677437
1969,11,,4.569333267,10.2319334,4.538133202,3.626399927,18.24373383
1969,12,,6.828516197,8.954645004,4.372515965,3.727096844,18.44425789
1970,1,,3.749935522,12.93729,6.308516121,4.466451664,19.73406441
1970,2,,1.879714293,11.51578571,5.923428707,3.995857239,19.14285698
1970,3,,3.438322573,11.60122566,6.131612988,3.227225876,14.27148411
1970,4,,8.443733215,9.60806633,3.005733376,1.520400028,8.535866776
1970,5,,7.671483707,5.514516087,1.912258081,0.674193537,5.844000149
1970,6,,6.461733437,5.166400089,2.233066654,0.503733335,4.870666771
1970,7,,15.91754845,4.073806477,1.024645171,0.407741952,4.058580685
1970,8,,13.87483864,3.531871033,2.013548374,0.966322589,7.443354988
1970,9,,8.165866756,3.789533405,2.273333311,1.619466648,11.01573357
1970,10,,7.345677319,6.157225838,2.648903227,2.37793541,14.42916107
1970,11,,3.506266661,10.11346649,5.607333279,4.279066582,20.8438665
1970,12,,6.438193607,10.55922577,5.386193542,4.100258064,19.12374237
1971,1,,2.838709631,13.86683849,7.175483894,4.902322693,21.10606407
1971,2,,3.898000031,15.29621391,7.845428619,4.453142738,18.91557175
1971,3,,1.952258043,13.04251602,6.275870991,3.423483839,15.48954811
1971,4,,6.983733406,10.11233326,3.751066666,1.848799973,9.942133522
1971,5,,8.109806709,6.467483711,2.590967655,0.75974195,6.127354813
1971,6,,10.32786655,4.614199924,1.612666702,0.422533334,4.668666592
1971,7,,6.149677563,4.323870907,1.742451611,0.525419381,5.605032253
1971,8,,8.035096798,3.693225765,1.771354847,0.885161304,6.80722578
1971,9,,9.976666641,5.204133415,2.330400028,1.624666696,9.940399971
1971,10,,11.10748394,6.236774216,2.826967812,2.177806416,12.36670952
1971,11,,5.669466591,8.626866684,4.420533314,3.500800047,18.00146675
1971,12,,5.247354908,10.70522583,4.962064362,3.988387127,19.41974258
1972,1,,4.250064373,12.93974167,6.790709667,4.787999897,21.86528992
1972,2,,3.080413742,15.41510376,8.705793152,4.744827652,19.12620735
1972,3,,4.346580648,10.8049033,5.676516151,3.196903324,15.2889032
1972,4,,6.382666759,9.725066605,3.989733295,1.897733335,9.952666321
1972,5,,5.620516224,7.113225784,3.118709717,0.937806463,6.809677525
1972,6,,5.093199959,5.080733471,1.816533337,0.459866676,5.077599926
1972,7,,15.99290318,3.552193546,1.467741938,0.499483883,4.693935394
1972,8,,8.894064369,4.931354904,2.480387068,1.249419379,8.014451675
1972,9,,11.03093319,7.04326683,3.202933292,2.026133356,11.11920029
1972,10,,5.482580776,7.82703228,4.462451744,3.378064442,17.77935501
1972,11,,4.746533508,9.467199936,5.303733177,4.179999886,20.99880035
1972,12,,5.897677345,10.23316151,5.716774178,4.455741978,20.96180679
1973,1,,6.378709602,12.27632217,6.708387108,4.424258137,19.81974182
1973,2,,4.945428543,13.29714294,6.336857204,4.104428692,18.61242928
1973,3,,7.341419315,9.441871223,3.864000053,2.532258081,12.89290333
1973,4,,9.115999794,9.489799881,3.298266659,1.573733311,8.631066475
1973,5,,16.93909637,7.383096886,1.576903219,0.651741943,4.839870815
1973,6,,7.885199986,3.40600008,1.892666626,0.465200012,5.132266636
1973,7,,5.540515995,4.721935596,2.076774197,0.584516132,5.769032173
1973,8,,7.980387096,4.562258129,2.374322605,1.130838728,7.830064697
1973,9,,11.09066635,6.41913353,2.828133364,1.825599995,10.53026688
1973,10,,5.60270977,8.760709496,4.237161255,3.076516104,15.99716125
1973,11,,4.831066494,8.851666298,4.554800014,3.826266651,19.43386635
1973,12,,6.710580711,12.35535503,6.400774174,4.496903324,20.37638756
1974,1,,2.5343225,14.26819328,8.395225716,5.694322491,24.76154823
1974,2,,4.216571465,12.80071396,6.369571495,4.227857265,18.815
1974,3,,2.439741931,13.45251637,5.721290398,3.025806484,13.37896774
1974,4,,6.142933235,9.304799881,3.441733418,1.681199999,8.666666451
1974,5,,2.941548376,7.417742004,3.141806355,0.984645162,7.358193378
1974,6,,7.291466579,5.630400066,1.970133343,0.493866665,4.86093317
1974,7,,11.69238728,3.936838665,1.874967737,0.561548402,5.404258251
1974,8,,11.69509686,4.309741783,2.00425806,1.113290286,8.501935349
1974,9,,14.22613308,5.083333321,1.720933332,1.393733287,10.04279968
1974,10,,5.495354958,7.865548515,3.550967808,2.858451557,15.83483887
1974,11,,4.031599836,8.225200081,4.451866474,3.792533379,19.83039978
1974,12,,12.1206451,9.761548462,4.232129002,3.470580721,17.33716087
1975,1,,8.273935509,10.65458076,5.282967663,4.154451561,20.42412849
1975,2,,1.514142904,13.32657116,8.124857063,4.849142838,20.43914268
1975,3,,7.742838745,10.22167717,3.981161346,2.523483906,12.86412918
1975,4,,6.330133247,8.184399948,3.215600033,1.655200019,9.746800156
1975,5,,20.64374207,6.736967659,1.736903248,0.64425807,5.072387104
1975,6,,7.843066635,4.713933392,1.925999966,0.467466669,5.170533257
1975,7,,13.19470959,4.925871086,1.710709648,0.543354857,4.60180645
1975,8,,11.49122566,4.425354805,1.524387102,0.851870975,6.902580757
1975,9,,8.168400269,6.565799866,2.90666667,1.93079998,11.48759964
1975,10,,6.170322552,7.684129143,3.730193558,2.736774254,14.40000019
1975,11,,10.88293369,10.26839989,4.345466766,3.358666611,16.29973389
1975,12,,3.422064505,12.15380634,6.867741852,5.136774158,23.32696793
1976,1,,4.820257969,12.53290333,7.090838737,4.824128895,21.40580688
1976,2,,1.586482773,13.4789653,6.350758572,4.194344978,19.12427628
1976,3,,4.647613039,11.14980659,5.146064663,2.917032232,13.89122601
1976,4,,8.455999947,8.718533363,3.107466602,1.657733331,9.683199959
1976,5,,12.59187069,6.604903107,1.808129053,0.686709692,5.500129032
1976,6,,7.547333317,4.828533173,1.641333332,0.468533351,5.037066536
1976,7,,7.452258224,4.061612968,1.486322575,0.551096797,5.593677406
1976,8,,9.574322739,4.026387157,2.153290291,1.141677427,7.860903435
1976,9,,3.987066593,5.83406662,3.170933399,2.061333323,11.54773319
1976,10,,5.167483826,6.209161301,3.078064594,2.505161333,14.45316105
1976,11,,5.681199989,9.295533218,4.411466675,3.590666676,18.15226631
1976,12,,12.35341961,9.849096642,4.641032314,3.669548359,17.56709671
1977,1,,5.494322491,12.78412876,6.468128948,4.803354721,21.80993538
1977,2,,3.316428604,12.92478558,7.787428398,4.614857216,19.455
1977,3,,6.975613098,11.72793526,4.679096794,2.775870991,12.73161285
1977,4,,8.499599743,7.749533272,2.047066669,1.259733367,7.99813343
1977,5,,11.06864498,6.057871056,2.151096706,0.727999997,5.729161167
1977,6,,6.904666748,4.727533226,1.80079998,0.433733344,4.984399986
1977,7,,8.751613026,4.023290329,1.769290371,0.529032242,5.720128918
1977,8,,8.275096569,5.45406456,2.428258047,1.202580595,8.367096748
1977,9,,3.030933294,5.323866653,2.994133282,2.013066702,12.50066666
1977,10,,7.959612961,8.36780632,4.679999924,3.258967733,16.04812935
1977,11,,8.961066685,8.549733238,4.432133465,3.587199965,17.76053322
1977,12,,7.065677547,9.879613113,5.52748394,4.2722579,20.26309738
1978,1,,3.329677391,11.62619362,6.336128902,4.45832262,20.03019371
1978,2,,6.239571342,11.8101429,6.352285748,4.192714138,19.07157158
1978,3,,3.032257986,11.3032259,6.086580658,3.272129011,14.51832272
1978,4,,7.025733395,8.531066437,3.301866713,1.694799957,9.227066879
1978,5,,6.87367754,7.853677559,2.968774214,0.81961292,5.589419365
1978,6,,1.674533334,4.43546669,2.995600014,0.565066679,5.49039999
1978,7,,14.83948391,3.427999916,1.448774176,0.485935485,4.71303215
1978,8,,11.76232246,3.96593544,1.863871021,1.001806436,7.617161274
1978,9,,5.169599934,6.773000069,3.135466681,2.07413331,11.9337331
1978,10,,7.172774124,8.018258018,3.79199995,2.960129118,15.78825825
1978,11,,8.844133358,9.54000042,5.071200047,3.738400059,17.96413292
1978,12,,6.423096828,10.64109688,4.866322498,3.893806362,18.62567741
1979,1,,4.684129162,13.54870945,7.802709503,5.395742035,22.89458054
1979,2,,6.749285851,13.31485733,6.799428635,4.256428547,18.48642883
1979,3,,3.78554841,11.73154812,5.173290367,2.985419416,13.49483871
1979,4,,7.44613327,7.965733299,3.109866705,1.614933367,9.253866692
1979,5,,7.440386944,5.752322731,2.409806452,0.824387097,6.362451744
1979,6,,6.42106657,6.31806675,2.151733341,0.470133338,4.521066647
1979,7,,10.85793556,4.70109663,1.598451614,0.554580665,5.462193584
1979,8,,12.63703209,4.371741867,1.871741982,1.011741948,7.376645279
1979,9,-5.61,11.63586643,5.616000023,1.91626667,1.358799963,8.954000244
1979,10,-4.21,6.060903225,8.214709625,4.125806522,3.034838724,15.99974197
1979,11,-2.4,4.7349335,9.746399956,5.138266582,3.935600109,18.74573303
1979,12,-3.36,11.36167736,10.36122578,5.833806419,4.155870914,19.10580681
1980,1,-2.78,4.414580631,11.01722591,5.807612915,4.356903152,20.34748383
1980,2,-1.66,5.101931038,11.32675869,6.482620583,3.995999985,17.90344772
1980,3,-3.31,5.676387215,9.891806641,4.502064629,2.709677458,13.06735485
1980,4,-4.21,6.534799919,10.27920021,4.395466805,1.951333313,9.355466614
1980,5,-3.33,7.727871151,8.657161064,2.943225861,0.849290321,5.615870857
1980,6,-6.39,6.15973341,5.943733292,1.621333361,0.422266663,4.122666588
1980,7,-4.91,9.450193405,4.630000114,1.763483887,0.55187099,5.09393549
1980,8,-4.52,12.47754829,6.02864502,2.009806395,1.049806428,7.1
1980,9,-3.32,20.25546631,6.516466599,2.107600002,1.612533369,10.19426632
1980,10,-5.98,6.508903255,8.306903114,3.948000011,2.901032209,15.22258045
1980,11,-1.63,4.819866657,9.95219986,6.256799889,4.272533474,19.6346669
1980,12,-1.91,1.544387136,12.47606472,8.419097061,5.256257915,21.71109741
1981,1,-0.69,2.134967742,15.353097,9.659871025,5.87974205,23.48490379
1981,2,-1.62,2.393857141,14.70121429,8.32342865,4.666857014,18.91557129
1981,3,-2.46,6.024257927,10.94412891,4.196258087,2.495225859,11.73225784
1981,4,-2.63,11.26093342,9.460933266,3.285866623,1.642933364,8.706000061
1981,5,-6.25,5.101677437,7.154257965,2.699871016,0.830967748,6.113935375
1981,6,-5.02,5.703733139,5.406866837,2.089866657,0.491066687,4.641333408
1981,7,-4.16,10.53483887,4.106709709,1.817677431,0.560258079,5.184257984
1981,8,-5.35,10.95393536,4.532387123,2.056129055,0.994451604,7.167354774
1981,9,-5.28,8.332399731,6.890800095,2.973066635,1.869066696,10.67920021
1981,10,-3.67,7.186580582,8.274387016,4.565032387,3.206451702,15.77432278
1981,11,,7.402266674,9.585266495,5.525733204,4.110400028,19.66146721
1981,12,,3.36541934,11.39961311,6.642709827,4.791870861,21.89509727
1982,1,-2.67,4.858064461,13.42470993,8.207613068,5.170580578,21.57290329
1982,2,-1.96,2.969571466,12.95814304,8.401857185,4.738142853,19.68928612
1982,3,-3.33,6.277161293,12.25612919,6.62993557,3.364128971,14.27264538
1982,4,-5.47,4.68973341,8.916733208,3.095466576,1.593866644,9.121066856
1982,5,-3.65,14.36219345,6.858774223,1.787870951,0.644903219,4.879096889
1982,6,-6.12,5.091599922,4.505866604,2.003733358,0.47426667,5.209999886
1982,7,-4.66,5.380903244,3.511612892,1.932645121,0.578322589,6.121419239
1982,8,-3.41,5.325161362,6.81864502,2.728516092,1.264258051,7.63535471
1982,9,-1.16,9.079333115,5.447599945,3.091600056,1.999600048,11.60760006
1982,10,-2.88,7.111354752,7.249032135,3.694967747,3.021548414,16.68528992
1982,11,-2.69,7.234400024,10.25799995,7.045466766,4.458666553,19.57453339
1982,12,-3.19,3.658580599,11.12812916,6.897806435,4.896387196,21.79574219
1983,1,-3.47,6.663225842,10.40651623,5.707741833,4.338451767,20.14877426
1983,2,-4.74,1.521285715,14.6421431,9.723285522,4.964428616,18.94257179
1983,3,-5.9,3.820258045,11.24606449,5.046322727,2.711354923,12.29174206
1983,4,-4.35,5.875866566,8.169466782,3.483199978,1.620533361,9.157999878
1983,5,-4.66,8.07161314,7.425032234,2.732258072,0.848129022,5.790451813
1983,6,-5.59,11.11960014,4.438399982,2.050133314,0.465866675,4.605733433
1983,7,-5.96,4.474322491,4.350387001,1.950580664,0.532903216,5.328129196
1983,8,-2.66,7.478322582,6.47180645,2.274322548,1.087741919,7.233419228
1983,9,-4.45,10.35039989,5.563533192,2.640666676,1.805866661,10.83146648
1983,10,0.33,4.268257952,8.070129089,4.00412899,3.130838633,16.63793533
1983,11,-2.67,8.009999771,9.302733383,4.637999878,3.562133331,17.67213341
1983,12,-2.65,2.487741923,11.80070953,7.073806343,5.062838745,22.48567719
1984,1,-2.16,4.821419334,11.77903233,6.15432272,4.467612953,19.93096779
1984,2,-2.66,2.901379318,11.89820663,6.262345028,4.082344933,18.72275894
1984,3,-4.5,5.778967762,10.60019337,4.891999989,2.801419353,13.5664518
1984,4,-2.78,6.945199966,8.804799843,3.444133339,1.715999961,9.598000107
1984,5,-3.67,6.837935638,7.443483925,2.624903259,0.876258075,6.196774101
1984,6,-4.24,8.629200325,5.869466515,1.769866638,0.440266676,4.857866573
1984,7,-6.5,6.581419182,4.206258106,2.283096743,0.591354835,5.480387115
1984,8,-5.32,13.55212879,4.771096802,1.705032234,0.810967767,6.126709557
1984,9,-6.07,10.10893333,5.368866768,2.285466623,1.56413332,10.24706692
1984,10,-3.58,7.890967865,7.762580566,3.913032265,2.99109683,15.87238678
1984,11,-1.85,5.144666538,10.26913319,5.826000023,4.347066631,20.21959961
1984,12,-3.1,9.020774231,9.700322685,5.184258099,4.227870846,20.57716064
1985,1,-3.77,6.74116127,11.18974197,6.187483883,4.343613052,19.86206474
1985,2,-1.39,3.049999971,11.23321426,6.360714359,4.08028574,18.6875721
1985,3,-2.78,3.009161367,12.85580647,6.184129143,3.12890316,13.93303226
1985,4,-4.85,3.947466631,10.69953335,5.066133366,2.101866665,9.824133453
1985,5,-5.62,8.361806679,7.602064438,2.819870949,0.85045161,6.311613083
1985,6,-4.99,8.002933426,4.268999882,1.64,0.411600007,4.775600128
1985,7,,10.27883881,3.90645155,1.805935507,0.527999985,5.633290195
1985,8,-4.86,5.396387119,5.469741974,2.41832262,1.113032222,7.736515999
1985,9,-3.67,5.014266701,6.373533478,3.345199947,2.147466621,12.56453331
1985,10,-1.84,5.48464529,8.727484016,4.706451702,3.283225832,16.58516167
1985,11,-4.79,4.042666502,10.54720009,5.524800034,3.99813343,19.03426666
1985,12,-3.23,6.820129108,12.2279998,5.462967682,4.080258083,17.91909645
1986,1,-2.7,6.618838634,11.35464508,6.078322411,4.65922575,21.72516174
1986,2,-2.35,8.007571297,11.00735737,6.262857265,4.008571434,17.66099968
1986,3,-2.23,3.334967709,12.0622578,6.0184515,3.326838684,15.08967739
1986,4,-3.81,9.897466354,8.687133522,3.124933414,1.597866621,8.769999847
1986,5,-4.86,6.836516285,6.888645134,2.653161297,0.775483871,5.937677479
1986,6,,10.78826698,4.241933346,1.79786665,0.484933341,4.854666653
1986,7,-6.74,11.5441291,4.316451626,1.621935453,0.497806466,4.522709656
1986,8,-4.52,5.065548306,5.035677471,2.639354744,1.211612887,7.977290344
1986,9,-4.06,9.346533508,6.202200012,2.589200058,1.786400013,10.5433334
1986,10,-3.54,11.41767773,7.038645248,3.501032295,2.736387157,14.73161285
1986,11,-2.98,5.070933189,9.372266502,5.61453331,4.423199921,21.63066673
1986,12,-4.58,9.218967819,10.19761303,5.204000092,4.300516014,20.77406471
1987,1,-2.53,12.39380646,10.39387093,4.740645142,3.546451616,16.30283905
1987,2,-3.28,7.196714172,11.38807171,7.150999794,4.31557127,18.37328575
1987,3,-5.01,7.676258087,9.321032372,4.644000072,2.714451694,12.91187096
1987,4,-5.01,4.791066647,9.64359993,4.232133217,1.900666714,9.846000214
1987,5,-7.66,10.3211615,7.122774162,2.709419289,0.830322599,6.062451553
1987,6,-4.57,6.517333221,5.49980011,2.013600006,0.469600005,4.308266659
1987,7,-5.4,5.848128986,4.42651619,2.2769032,0.670322571,6.141161156
1987,8,,6.812645016,5.333871078,2.381806479,1.245677447,8.074967766
1987,9,-2.62,10.89559982,6.872999954,3.61466671,2.250533333,12.01053318
1987,10,-2.62,6.383484001,7.947612991,4.513677597,3.22503233,16.68812881
1987,11,-3.25,8.874533386,9.974800034,5.363599949,3.961466751,18.4938665
1987,12,-3.61,4.192387209,10.74393551,6.506451511,4.794451427,21.85341904
1988,1,0.28,2.901935444,14.19296791,8.571354675,5.142322464,20.5341938
1988,2,,4.108689585,11.80165508,5.777655201,4.109930878,19.76206924
1988,3,-3.82,2.364903221,12.11567753,7.124386978,3.726967659,16.21845161
1988,4,,2.908933325,10.16393318,4.771333408,2.14573329,10.50573299
1988,5,,6.959871101,9.014000092,3.181806374,0.870838699,5.344258213
1988,6,-5.49,7.898133545,6.900333366,2.458933372,0.497333348,5.151066666
1988,7,,11.23793556,5.912064438,2.402322626,0.622193563,5.422838783
1988,8,-2.83,10.47922562,5.651677361,2.363225737,1.162193542,8.097677498
1988,9,-1.21,9.307199821,7.581999931,3.600666714,2.162933264,11.35080032
1988,10,-0.05,18.57587097,6.714580727,2.914064512,2.40941926,13.576516
1988,11,-3,4.687466612,10.49546646,6.404266701,4.419200115,20.19546623
1988,12,-1.21,3.375483856,12.49122608,7.313290367,5.050064468,22.02129082
1989,1,,7.422064705,13.34554844,7.750838776,5.100645161,21.53780647
1989,2,,2.384428616,14.03785744,7.911285553,4.569571495,19.13714249
1989,3,-2.38,3.784258041,12.5505164,6.615871162,3.445677366,14.41987114
1989,4,-2.3,3.796800003,10.71406631,4.854933147,2.085866642,9.816000175
1989,5,-4.28,7.554838867,7.272000008,2.871354876,0.879354858,6.497419357
1989,6,-6.59,4.180533304,4.412866669,2.410666656,0.537066681,5.573333302
1989,7,-5.33,6.349290485,4.71387104,2.699612951,0.668774188,6.071870918
1989,8,-3.82,7.056257992,4.415419292,2.478580666,1.134451632,8.325031967
1989,9,-3.92,8.945066643,6.797533493,3.671600075,2.307733326,12.69320004
1989,10,-2.34,10.92077419,7.338128929,3.589161243,2.759096813,15.14890316
1989,11,-1.82,1.975733266,10.83260002,6.819733353,4.794666519,22.02200012
1989,12,,5.512774067,11.73593533,7.462838707,5.189290237,23.07716103
1990,1,,4.317032213,12.14109688,7.152387161,5.05406456,23.09406425
1990,2,,4.702999992,13.24371433,6.988571472,4.220571442,17.93728653
1990,3,,4.875354767,12.06851643,6.645806599,3.462967825,15.52051594
1990,4,,4.93880003,9.829200172,4.093599968,1.883333321,10.12093365
1990,5,,10.89651604,6.773483658,2.271870899,0.7984516,6.652257919
1990,6,-6.77,10.38866642,5.378933468,1.76119998,0.450266666,4.679866581
1990,7,-4.21,13.33406467,4.539354744,1.738451614,0.531999993,5.146838665
1990,8,-5.15,7.980387096,3.875354805,2.245419359,1.100129004,8.444645233
1990,9,-4.87,7.560799942,6.288533401,3.188133354,2.11746665,12.92040005
1990,10,-3.8,5.551096916,8.577677422,4.882322502,3.244516182,16.11651634
1990,11,-1.38,8.976533604,9.925999832,5.577866745,4.35280014,21.35239975
1990,12,-2.63,7.843870926,10.96961308,5.901806431,4.250451469,19.79548378
1991,1,-4.14,5.101677456,12.67419369,7.006064415,4.783354664,20.80154793
1991,2,-3.61,1.655142908,11.02999996,6.601857071,4.372000141,20.32371429
1991,3,,4.604903326,9.977161369,5.479096909,3.059612894,14.88993549
1991,4,-7.22,8.241466732,8.126066818,3.288799953,1.676933331,9.729733086
1991,5,-4.08,5.049032278,7.087096786,2.777935448,0.80929034,6.679741764
1991,6,-5.66,8.408800125,6.168066559,2.130266695,0.450800004,4.53093338
1991,7,-5.45,9.731484146,4.905032349,1.989806452,0.550451636,5.598322487
1991,8,-5.15,17.3752261,3.899419384,1.749290352,0.90425806,6.930580711
1991,9,-4.29,10.45560001,5.596333408,2.571466703,1.8353333,11.66293312
1991,10,-0.2,5.164903183,8.118903198,4.886451511,3.263225794,16.42270882
1991,11,,9.033466778,8.49186657,4.357866611,3.420133228,17.38240028
1991,12,-6.03,4.768774223,11.47529049,5.890580635,4.543612957,21.24038681
1992,1,,5.208000031,10.49845181,4.839741898,3.720774269,18.05406525
1992,2,,3.204689608,12.41986237,6.758620682,4.303724117,19.66827576
1992,3,,2.384129019,11.813484,5.765677452,3.046967745,13.66941948
1992,4,,5.86400013,9.134466782,3.097866611,1.485866632,8.575733566
1992,5,,7.785161495,6.971935349,2.595612812,0.807225823,6.356387234
1992,6,,5.788933372,3.68293335,2.104399967,0.466666667,5.247466526
1992,7,,13.16412907,4.503935566,1.650580673,0.545161307,5.184903049
1992,8,,10.86967758,3.904838657,1.884903259,0.954838729,7.316000175
1992,9,,8.638133163,4.65253334,2.490400009,1.718399963,11.02053303
1992,10,,6.10064518,8.638709488,5.090709782,3.385419312,17.06683891
1992,11,,6.938266659,9.300999985,4.89693325,3.859333324,19.07866638
1992,12,,3.647612858,12.57174191,6.953935509,4.613419342,19.80283897
1993,1,,3.809161291,12.8811615,6.803483791,4.607999916,20.05832237
1993,2,,8.653857479,13.06285767,6.898142891,4.121857147,17.8785714
1993,3,,3.825161276,11.5890971,5.297935505,2.960774126,14.41122597
1993,4,,4.476266594,10.17766659,4.172800026,1.881733351,10.14773335
1993,5,,8.198580456,6.902967873,2.123612862,0.697935488,5.727741718
1993,6,,9.207066383,4.594866734,1.389600039,0.372133343,4.338533287
1993,7,,7.036645317,5.758515968,1.87083868,0.524516127,5.383613014
1993,8,,11.60670944,6.014709587,2.404258108,1.202580619,8.107354813
1993,9,,4.699200039,6.889199791,3.500799942,2.232133398,13.65506657
1993,10,,9.159225693,7.308064575,3.275870895,2.789032269,15.84735481
1993,11,,8.327733631,8.555933609,4.282399864,3.591866627,18.61466614
1993,12,,6.264129066,10.83851624,5.190193558,4.193935394,20.28503273
1994,1,,7.833290501,10.6865807,5.949032402,4.619999886,22.27238739
1994,2,,3.841571417,13.42778568,6.618714218,4.319285603,19.74385719
1994,3,,1.7651613,11.12277412,6.227096748,3.485935545,16.76864479
1994,4,,5.343866863,9.228932991,3.190133295,1.612400036,9.868533363
1994,5,,19.01045174,6.103225632,1.657032261,0.639225817,6.181419277
1994,6,,8.044533577,4.797800102,2.130399942,0.474266679,5.813066616
1994,7,,11.54309715,4.998451614,1.654967766,0.493032255,5.987483883
1994,8,,11.84993523,4.016709785,1.875096731,1.106322551,9.334322739
1994,9,-4.97,12.4610667,4.638200016,2.548533392,1.894933338,13.00613354
1994,10,-4.83,7.248387051,7.85380661,5.068645191,3.51883873,18.28903267
1994,11,-2.26,10.08106663,8.292333374,4.550800018,3.708666763,19.51240059
1994,12,0.24,1.990064454,12.9971611,9.650580788,6.204644966,26.3477417
1995,1,,2.702193508,14.10051613,7.541548271,5.192516041,22.98219353
1995,2,,4.664142952,13.32392838,7.443714485,4.494000072,20.13257095
1995,3,-3.48,10.75458057,9.812193184,3.856387157,2.743741989,15.3735482
1995,4,-6.5,6.993466778,7.065133438,2.590933399,1.439466653,10.08706673
1995,5,-5.06,6.959742069,6.329871101,2.610451603,0.831483865,6.90025816
1995,6,-5.1,6.604533215,4.538933334,1.820399952,0.430133346,5.396133289
1995,7,-5.85,8.677290039,3.186709633,1.491354876,0.473419368,5.6072258
1995,8,-3.66,9.490064697,5.237419415,2.38851615,1.257290339,9.096774559
1995,9,-3.72,8.359466667,5.278799973,3.144933348,2.148666611,12.77386688
1995,10,-3.12,6.873935318,6.911548195,4.184516144,3.310709667,18.13677444
1995,11,-1.42,5.672133465,8.878666916,5.120266781,4.048266678,19.62439987
1995,12,-2.74,4.772903175,9.487677307,5.304516029,4.553419399,22.63264526
1996,1,,4.972645035,13.06090351,6.97251606,4.970580769,22.37845161
1996,2,,8.004827347,12.26282738,6.647172279,4.306344757,18.96055161
1996,3,,8.92167738,11.09896767,5.252774162,3.100903177,14.91574173
1996,4,,9.747599945,7.512000008,2.772799978,1.529600019,9.941066856
1996,5,,6.889548416,7.584903145,2.77600008,0.914838696,7.313935661
1996,6,,7.353333416,5.285733395,2.232399969,0.496000016,5.303200188
1996,7,,6.453419304,4.860451622,2.226322594,0.644903231,5.653935432
1996,8,,14.72696754,4.788903275,2.211999989,1.203483844,8.836644936
1996,9,,12.33213337,5.030333462,2.437066679,1.806133327,12.13679977
1996,10,,7.555354786,7.132000046,2.982193604,2.913677359,18.01780678
1996,11,,10.96466648,7.177266922,3.904933376,3.842266674,21.25813377
1996,12,,5.244645233,9.05154808,4.722580643,4.727870846,24.94632309
1997,1,-5.19,6.163483734,13.86258083,8.094322548,5.422322674,23.21612862
1997,2,-4.61,2.065571485,14.60507118,7.861428642,4.571714344,19.05457108
1997,3,-3.8,7.172000198,9.982193336,3.786064568,2.730064583,14.54490318
1997,4,-4.09,9.810133133,8.059799957,3.037866621,1.633333349,9.629333496
1997,5,-6.08,9.411741924,6.579741783,2.159225807,0.758580661,6.696774101
1997,6,-5.22,9.701066971,5.539466553,2.335200062,0.570666671,5.929600029
1997,7,-4.71,11.0376775,3.951419334,1.313935499,0.496387095,6.379871082
1997,8,-4.14,7.28451622,4.654193726,1.552516146,0.897419362,7.976258087
1997,9,-5.12,4.237866755,6.271199989,2.755199986,2.019999952,13.11520031
1997,10,-4.1,7.972258205,8.065548286,4.742838669,3.407483959,17.47677391
1997,11,0.67,7.928399792,9.428133659,5.890400009,4.474266586,21.22213326
1997,12,,8.56335516,10.01832249,5.465935402,4.673032188,22.98787109
1998,1,,3.208516111,13.75187077,7.66374176,5.197161198,22.63870911
1998,2,-0.46,7.594857159,11.63842892,6.889857292,4.414285717,18.90800056
1998,3,-0.92,8.155096989,10.57374157,5.596000099,3.213806486,15.15767757
1998,4,-4.95,12.2213331,7.557733231,2.262133274,1.298933311,8.411066895
1998,5,-1.76,11.17754854,6.539806366,2.300129128,0.726838696,6.299225998
1998,6,-1.92,7.629733391,4.669999981,1.940133324,0.476533334,5.033599815
1998,7,-4.29,11.02051632,4.639871159,1.705032282,0.488903236,6.186709595
1998,8,-2.47,5.125419235,5.111032085,2.83006443,1.424129033,9.649677467
1998,9,-2.63,10.06773342,6.700199966,2.592666578,1.829866648,11.8582666
1998,10,-2.3,11.84141968,6.012838745,2.611096706,2.641935444,16.73858124
1998,11,-0.29,6.054799957,9.271266594,4.974266548,4.052000084,20.36879944
1998,12,-3.09,7.686838646,11.72606464,6.172903271,4.674580574,21.94077438
1999,1,,1.943225827,13.85548382,7.376903076,5.142838669,22.25199974
1999,2,-4.69,11.0948571,14.03028564,5.226571388,3.691714268,16.92214317
1999,3,-2.68,8.554838333,10.66483852,4.229806519,2.692387047,14.15612904
1999,4,-1.52,8.22173296,7.869533424,2.906666603,1.593200002,10.69320026
1999,5,-4.82,11.88503208,7.970838661,1.465419359,0.620000019,5.969290352
1999,6,-4.02,9.104266644,5.752133427,1.869866629,0.46400001,5.569333496
1999,7,-3.38,10.74296783,5.34090332,1.972387056,0.583741927,5.812903404
1999,8,-3.32,10.19032225,6.248967552,2.281677341,1.140387106,8.777548599
1999,9,-2.91,9.001199741,7.400533333,2.965066652,2.121466599,12.57546673
1999,10,-1.97,7.874451733,8.548257866,4.013290272,3.213161373,17.2503228
1999,11,-3.895,6.265733376,8.739266434,4.718933411,4.118399982,21.29666634
1999,12,-3.12,5.028516102,11.8334193,6.742580719,4.967354965,22.62283829
2000,1,-3.95,3.022451591,12.53458038,7.003354721,4.880903358,21.44799995
2000,2,-3.68,5.050068884,15.06558617,9.109792976,5.29917244,21.26896599
2000,3,-3.16,5.565161409,11.62490311,5.471096706,3.21432251,15.096903
2000,4,-3.84,8.269866886,9.198133202,3.719333363,1.867866621,10.9834668
2000,5,-4,18.10322617,6.779677429,1.945161247,0.775741937,6.580128956
2000,6,-4.31,11.58786659,5.633800125,1.945600023,0.444400005,5.43266674
2000,7,-5.16,9.077677269,4.929806557,1.76116127,0.56696775,5.758064442
2000,8,-4.59,4.771742058,5.237999992,2.733290377,1.325806446,9.384516182
2000,9,-3.26,12.92293316,5.96379982,2.45133338,1.801599998,11.09813335
2000,10,-4.38,9.154580917,7.65445137,3.798064556,2.976645079,15.93277397
2000,11,-2.73,2.274266596,12.81406654,6.840399933,4.918533363,22.29026573
2000,12,-1.83,6.194064426,10.7612904,5.635870819,4.84748373,23.69161255
2001,1,-1.34,2.174064565,14.75664513,8.27083889,5.338709831,22.34025757
2001,2,-2.35,2.636571445,14.69678558,8.958714447,5.043428707,19.98928543
2001,3,-4.44,8.035612793,12.19825829,5.38425808,3.067483902,14.0606451
2001,4,-4.1,8.040666866,8.740133514,3.444266682,1.770666695,10.27533375
2001,5,-4.45,3.982838707,6.505290337,2.571999969,0.905032258,7.348774338
2001,6,-4.2,9.708133316,6.203666725,1.540933371,0.384800004,4.37306675
2001,7,-5.56,6.351612892,5.206258106,2.428258123,0.637806463,6.166967678
2001,8,,14.13445168,5.134516144,2.065419292,1.006580629,7.343871117
2001,9,-2.75,9.410666485,7.800466766,3.236133347,2.026400023,12.02666672
2001,10,-3.53,9.422709904,7.649354897,3.333548393,2.965548315,16.78025772
2001,11,-3.25,7.806000099,8.999399872,3.994000092,3.770266743,20.08346687
2001,12,-3.3,7.970193825,8.958709564,3.997806358,3.77780632,19.79277451
2002,1,-1.22,9.805419292,12.01935482,5.369806461,4.158064461,19.67032166
2002,2,,4.509142895,11.91792858,5.769143047,4.014714336,18.67214249
2002,3,,7.869935474,11.11445175,5.506838608,3.265161324,15.34025776
2002,4,,4.482399902,10.50959991,4.602933502,2.114266615,11.2877335
2002,5,-5.2,6.022064514,7.365354767,3.063225746,0.995741963,7.348128872
2002,6,-3.34,13.5517334,5.535133343,1.683600044,0.421600002,4.615600128
2002,7,-3.8,19.19600018,5.212903347,1.394322538,0.50593549,5.691999912
2002,8,,12.07380619,5.090838757,1.736387091,1.002709684,8.790322571
2002,9,-2.62,16.15853348,5.762199936,2.616533422,1.886933317,12.05079971
2002,10,,10.24722588,7.351999779,3.253548393,2.803741941,16.0178067
2002,11,,6.717600021,9.883266678,5.782533302,4.325066795,20.56573318
2002,12,,9.31767746,11.40587082,5.444516068,4.308516083,20.89793556
2003,1,,5.926322489,13.10870956,7.562580795,5.370451736,23.54851646
2003,2,,2.340285654,13.14864258,7.013428612,4.58757143,20.23385696
2003,3,,5.517032337,11.30941906,5.170838833,3.030322647,14.64645195
2003,4,,5.047600002,9.262533607,3.904800053,2.002933378,11.30840012
2003,5,,6.081677361,8.137612915,2.688129044,0.927999983,6.694193459
2003,6,,14.26666668,5.785799942,1.642133331,0.412000006,4.996266727
2003,7,,12.68748383,4.622838688,1.689935513,0.550451636,5.863354969
2003,8,,15.3193549,4.93696785,1.876903238,1.004903231,8.451612968
2003,9,,19.29586739,4.136066685,1.970800009,1.704266682,12.4763998
2003,10,,6.509548492,6.158258095,3.383096809,2.892774191,16.71290329
2003,11,,1.401199994,10.52393349,6.491733379,4.812666664,22.3290667
2003,12,,6.504645004,12.21529026,6.749935532,4.947613049,22.22464546
2004,1,,11.40038738,10.42625816,4.674064636,4.169677353,20.92503265
2004,2,,2.939448261,11.66275871,6.015034409,4.168000164,19.64772385
2004,3,,4.651612864,10.2467099,4.690322685,2.827741957,14.36696754
2004,4,,7.901466599,8.500933495,2.998800011,1.569333334,9.894800186
2004,5,,13.68541939,6.167612839,1.989935446,0.704387105,6.342322426
2004,6,,14.20119984,5.118933334,1.296000023,0.389200003,4.774266491
2004,7,,5.899354782,3.839290409,1.608903217,0.53122581,6.139483833
2004,8,,4.911742077,4.689161472,2.178580627,1.110967708,8.487354927
2004,9,,7.997466717,6.177133331,2.148666677,1.77253336,12.52626663
2004,10,,7.038967648,7.846838799,4.227741909,3.412387037,18.53716103
2004,11,,9.231066666,9.345333138,4.698666611,3.754933376,18.69346611
2004,12,,7.440774078,12.34793549,6.816645203,5.157290268,23.18967758
2005,1,,6.379096737,12.20348415,6.205161381,4.654580593,21.80090363
2005,2,,4.978714247,11.80592854,6.180428734,4.011571484,18.01342911
2005,3,,5.494967585,10.27606445,5.006580524,3.029935503,14.67729057
2005,4,,9.614000092,9.937600021,3.663866634,1.816533318,10.08106678
2005,5,,12.53458038,6.815161209,2.205290365,0.766064525,6.849032402
2005,6,,5.460133371,6.275533257,2.011599979,0.462266679,5.496533241
2005,7,,16.6037421,5.433096924,1.51574192,0.517161307,5.916774273
2005,8,,13.69909691,5.348774242,1.957935505,1.031612921,7.890967846
2005,9,,6.73599987,6.585466766,2.693600054,1.903199968,12.2765332
2005,10,,10.64967781,8.882967911,3.50774189,3.053677416,16.94696686
2005,11,,8.008000278,10.76126652,5.188666611,4.254666748,20.78399963
2005,12,,18.82606373,11.30767761,5.011354733,4.219741821,19.97858101
2006,1,,4.059225903,13.04438698,7.221032257,5.111354828,23.03277397
2006,2,,4.727857084,11.98314285,5.010142727,3.789285698,18.1768573
2006,3,,5.254322615,11.89974216,5.914193516,3.393548307,15.54941948
2006,4,,17.78106705,6.644133186,2.405333376,1.36266665,9.337333183
2006,5,,10.66077446,5.360967541,2.051354866,0.710580647,6.739612846
2006,6,,7.318666744,4.794866695,1.792133293,0.442800002,5.677199917
2006,7,,10.55858093,4.77316124,1.848774176,0.5456774,5.827225666
2006,8,,12.31870941,5.652258053,2.197935486,1.155741954,9.206322479
2006,9,,10.57746651,6.246466637,2.834666739,2.002800045,13.01933346
2006,10,,6.812515945,7.143870964,4.350322533,3.496258116,18.96606461
2006,11,,4.790133352,8.565000114,4.864000015,4.054400043,20.96066612
2006,12,,6.190322723,10.18599987,6.397935486,4.99058075,23.78103256
2007,1,,9.544774494,13.1882579,6.485290222,4.565419388,20.09277458
2007,2,,0.839285707,16.09035728,9.911142921,5.338571396,20.6061425
2007,3,,10.11432251,11.53574165,5.570838852,3.220774269,14.8900647
2007,4,,3.139333277,10.08446636,4.680666733,2.221200075,11.41746681
2007,5,,15.75599953,8.745935287,2.611225853,0.878967752,6.562580585
2007,6,,5.123333187,3.590133362,2.311333275,0.488400004,5.905866814
2007,7,,7.734193363,4.282645168,2.056000023,0.561032274,5.940000153
2007,8,,10.01393539,5.562257938,1.957161303,1.083483839,8.385419159
2007,9,,12.01386681,6.266733208,2.754533329,1.940666695,12.29506687
2007,10,,13.02800034,7.011612778,3.419870968,3.001032267,16.76619392
2007,11,,1.097466671,11.5473996,6.426399994,4.660133266,21.77186676
2007,12,,9.31806448,11.97619335,5.785419292,4.463354969,20.75896744
2008,1,,1.782709641,13.46258076,7.664903336,5.600774193,25.31019356
2008,2,,6.342206869,11.6514484,6.791034431,4.235448151,18.87213776
2008,3,,6.388645287,11.9667099,7.012387276,3.646709585,15.54180649
2008,4,,9.172266865,8.62740036,3.112933311,1.590799985,9.877466507
2008,5,,9.396387405,7.104903259,1.849806433,0.634967756,5.92322588
2008,6,,6.663466511,6.432933426,2.21373332,0.484000015,5.23746664
2008,7,,8.767483902,3.971612835,1.934838705,0.564258077,6.076516075
2008,8,,8.286838799,4.261742058,1.724774189,0.975354824,8.796000214
2008,9,,10.19666664,5.596000099,2.120800009,1.723599997,11.85053333
2008,10,,4.919225693,7.97961277,3.831354771,3.148387051,17.27703171
2008,11,,7.784133644,9.246266785,4.578800011,3.682400074,18.27586639
2008,12,,10.73109703,9.315677299,4.282580662,3.964516258,20.25393478
2009,1,,7.412515755,12.21729027,7.34890316,5.033935452,22.30309624
2009,2,,4.859714203,13.02407135,6.676571465,4.333285732,19.47214317
2009,3,,8.539871063,11.02645164,4.461548309,2.759612942,13.56129025
2009,4,,11.69653307,8.748333473,2.931866779,1.575733333,10.00226665
2009,5,,13.89122566,7.176322708,2.383225832,0.764903247,6.543612938
2009,6,,5.598933353,6.022866764,1.980399971,0.450133338,4.593066673
2009,7,,18.02503239,4.567354908,1.62477417,0.490064518,5.298064632
2009,8,,20.34709702,5.950064468,1.828000002,0.954709659,7.070709629
2009,9,,9.726533432,6.803999977,2.738133297,1.762666678,10.88799984
2009,10,,2.972258034,7.786451492,4.06838707,3.244774246,17.94090286
2009,11,,5.108666611,12.40920021,6.622666721,4.427866688,19.30626671
2009,12,,11.43896769,10.8915485,5.505290222,4.463483925,21.56477493
2010,1,,3.913419333,12.41812904,6.811225815,4.940258141,22.70593506
2010,2,,2.454142923,14.3556427,7.56385704,4.504428596,18.87914345
2010,3,,9.793548279,12.57322594,5.821935463,3.156257963,13.99548363
2010,4,,8.12053318,9.954266586,2.827466631,1.477999973,8.500400085
2010,5,,7.575483723,7.00658062,2.290580606,0.734064517,6.639096661
2010,6,,12.98586697,5.196266556,1.601333313,0.401866683,5.166933384
2010,7,,11.30309713,5.258645039,1.647741928,0.484774201,5.744386959
2010,8,,11.70903206,4.496387005,1.722709684,0.924387107,7.612516117
2010,9,,17.49559986,4.91320015,1.808533392,1.465066676,10.71013313
2010,10,,7.556645203,7.834774208,3.630580559,2.882580652,16.50116058
2010,11,,9.535199852,9.729466476,4.468533211,3.604266663,18.3322673
2010,12,,8.93096777,10.4706451,4.667354965,3.931096706,19.00271027
2011,1,,5.704903278,12.96258087,5.898967743,4.299612789,19.07767776
2011,2,,5.496714211,11.71607155,4.72842865,3.338857079,16.06699989
2011,3,,6.197032318,10.60993523,4.679225922,2.746322641,13.1507093
2011,4,,8.305066299,9.519000359,3.487466679,1.687733321,9.409866867
2011,5,,8.596903172,6.137096748,1.921677465,0.685677433,6.205806351
2011,6,,16.52120041,5.450800114,1.974533291,0.434000009,5.139466629
2011,7,,8.217032394,4.185419312,1.694838696,0.505290341,5.345806599
2011,8,,8.080257912,7.182838745,2.349935541,1.128000021,7.545032215
2011,9,,14.49840023,6.551933517,2.617866602,1.956000013,12.6979998
2011,10,,6.946451473,8.213096695,4.572387142,3.277677441,16.77716179
2011,11,,13.06879974,10.11906681,4.390933399,3.787466679,19.21106674
2011,12,,3.581806393,11.99587105,6.229935551,4.814838581,22.95238762
2012,1,,6.76296793,13.69399994,7.240903206,5.030838776,21.74593582
2012,2,,3.585103436,13.74772404,6.895723953,4.288137894,18.26841347
2012,3,,10.33264507,11.11890324,4.501935463,2.798967752,13.50877396
2012,4,,10.33799978,10.01273365,3.326266689,1.711066675,10.02306671
2012,5,,11.44980663,6.822516212,1.616516094,0.603225806,5.526322556
2012,6,,13.29493355,4.876533375,1.698933363,0.417600007,5.064266644
2012,7,,10.47019367,4.996709766,1.745419292,0.515096774,5.248903084
2012,8,,12.72993538,4.701354752,1.638451576,0.982451615,8.463225555
2012,9,,14.16560009,6.426866875,2.744000006,1.753999968,10.56679996
2012,10,,8.409677563,8.339677429,4.622064495,3.147612848,15.43290291
2012,11,,5.573466749,11.20240005,6.45053339,4.543733292,21.10546631
2012,12,,8.31729063,11.533871,5.882451534,4.343742085,19.87870918
2013,1,,6.476129036,13.19935444,7.7112257,5.149677372,22.08541985
2013,2,,2.96742856,14.30521416,7.294571609,4.455285568,19.06885681
2013,3,,8.718838444,13.80677429,7.110064621,3.562580633,14.25303219
2013,4,,12.51026669,8.600466843,3.235866718,1.620666647,9.76640007
2013,5,,7.167225723,7.297419395,2.498709679,0.779483867,6.380000114
2013,6,,8.998133202,5.777666626,2.1153333,0.489200003,4.783866577
2013,7,,10.17961319,5.915096855,1.673032265,0.514193549,4.688128948
2013,8,,22.47948387,4.956193695,1.563741951,0.794064531,6.396000099
2013,9,,14.1154668,7.191466751,2.662133331,1.760400019,10.89893326
2013,10,,15.66967682,6.932709732,2.870193481,2.514709711,14.12322601
2013,11,,5.691733284,9.260866661,4.445599957,3.64239996,18.50919937
2013,12,,10.63690317,10.96974197,5.252903175,3.96735487,18.70632286
2014,1,,4.603613033,13.26283848,8.143871002,5.194709587,22.23354828
2014,2,,7.26842844,13.93314285,7.529714317,4.618000011,19.84914337
2014,3,,5.909548388,11.99941902,4.580774002,2.761032295,13.66825832
2014,4,,11.41119987,9.402266388,3.028133354,1.52586669,9.057866554
2014,5,,10.99845186,7.817290382,1.826193552,0.712387099,5.737290192
2014,6,,6.364266701,6.507266617,1.701333351,0.42666667,4.513600082
2014,7,,10.7436128,5.888580666,1.826580648,0.525806451,4.927354908
2014,8,,8.602709599,5.995419464,2.447354889,1.197806435,8.813935432
2014,9,,10.81733309,7.357466507,3.112666607,2.150533285,12.46773331
2014,10,,10.7849033,8.095225754,3.797032299,2.931225767,15.59419346
2014,11,,7.230000248,9.301800156,4.883199959,4.051200047,20.05200043
2014,12,,7.727225723,11.91541939,4.939870911,4.042064571,19.50903275
2015,1,,9.868774166,12.48219368,6.012774067,4.444903374,20.43883934
2015,2,,1.505857115,13.81814301,6.873571243,4.288714447,18.47928642
2015,3,,14.6654192,9.261032143,3.124387112,2.213806534,12.37432232
2015,4,,4.843999872,8.293666878,3.063466606,1.600399995,9.727466621
2015,5,,15.53122589,6.519290314,2.143612909,0.680903218,5.707225704
2015,6,,13.3544001,5.388266773,1.848666668,0.449333334,5.082000008
2015,7,,10.6221936,4.191032162,1.606064501,0.538967764,5.485032272
2015,8,,9.08903244,3.916903191,2.180258083,1.133677435,8.458451729
2015,9,,5.921066742,7.144466591,3.309199934,2.105999947,12.11320004
2015,10,,1.177677383,9.835806198,5.806322556,3.820387077,17.80632278
2015,11,,7.873999672,9.887800064,4.491999912,3.692133331,18.17266655
2015,12,,6.707871094,12.87199993,7.558322411,5.498709679,24.28851654
2016,1,,2.168129025,14.19309662,7.7496772,4.910064392,20.08761261
2016,2,,6.107310247,13.47813755,5.82193119,4.11448288,18.92924194
2016,3,,4.23161293,12.65806446,5.48425806,2.870709658,12.17109676
2016,4,,6.280933285,10.15060013,3.609599991,1.795066671,9.365333176
2016,5,,23.93716087,7.482645187,2.135225754,0.68464515,5.54167738
2016,6,,18.01626637,6.118866539,1.797733364,0.441866667,4.091466656
2016,7,,20.38890297,5.184387207,1.748128986,0.53496774,4.65199995
2016,8,,12.63445171,5.077935352,2.130580597,1.09509675,8.046322842
2016,9,,9.616266499,7.236800003,2.489466715,1.671200008,10.5446664
2016,10,,15.30761292,6.713161316,3.156258011,2.802193546,16.15987053
2016,11,,13.62613316,9.007733116,3.925066624,3.578266649,18.69093346
2016,12,,9.807096519,11.54961288,5.407870941,4.413032341,20.8096769
2017,1,,7.106322708,12.80309673,5.868516064,4.696903133,21.61767776
2017,2,,7.591285648,11.02578545,5.121000099,3.668285694,17.46699974
2017,3,,3.895613031,14.18096786,6.374322586,3.386064482,14.16335514
2017,4,,6.676266747,10.10220005,3.603999958,1.735733318,9.182533188
2017,5,,8.593677349,7.168193779,2.167612906,0.680258057,5.347354984
2017,6,,11.63093334,5.664400101,1.617466669,0.425466665,4.502399998
2017,7,,13.24954868,4.266064625,1.671999969,0.505419354,5.161677361
2017,8,,12.72322582,4.347032337,1.790322542,0.939741936,7.872258186
2017,9,,15.60133347,4.757266541,1.785733337,1.47333333,10.46466656
2017,10,,9.626967983,9.007225571,3.9215485,2.897548342,14.84529045
2017,11,,2.099466734,13.09473331,7.909733276,5.155866566,21.77720039
2017,12,,8.848387108,12.80606434,6.377548294,4.644774151,20.63406425
2018,1,,4.368645277,14.8854837,9.173032341,5.649548244,22.59741905
2018,2,,7.657142792,13.08499981,6.761999989,4.155714264,17.88657166
2018,3,,13.64890324,11.59025806,4.886967659,2.932774258,13.44787121
2018,4,,9.764933224,9.708599815,3.649999962,1.789999986,9.510666504
2018,5,,14.9997419,7.379096909,2.507612886,0.794064507,5.856000137
2018,6,,10.87600029,5.672933464,2.080933332,0.474133337,5.242799969
2018,7,,20.03625771,5.003419456,1.619354839,0.510193543,5.184257889
2018,8,,14.64696739,4.580193577,1.956000013,0.984516129,7.634580517
2018,9,,11.87053337,5.705666656,2.203999968,1.775600023,12.46733353
2018,10,,4.058322716,8.879161072,4.169548416,3.060258055,15.71212875
2018,11,,6.636666508,10.08846664,4.431333218,3.403066568,16.30399944
2018,12,,5.95032259,13.39774178,7.273935356,5.132386971,21.90787079
2019,1,,2.59754837,14.37651619,8.323613052,5.556000023,23.43238663
2019,2,,9.187428665,12.33485706,5.754000053,3.937857208,17.89499992
2019,3,,7.518580475,11.96967709,5.483225708,2.970967817,12.66438686
2019,4,,15.5514666,8.945332985,3.38733326,1.706933327,9.674266586
2019,5,,13.7,7.350322533,2.169419384,0.735870955,5.238967819
2019,6,,14.22986656,5.683666553,1.77746664,0.460933347,4.666666584
2019,7,,16.99096756,5.067677441,1.461548395,0.48774194,4.579354763
2019,8,,14.05703209,4.342580738,1.790580683,0.972000012,7.571483803
2019,9,,11.01919994,6.952000084,3.075466738,2.069066648,12.04066639
2019,10,,6.098580666,8.822516212,5.737419224,3.631741962,16.80180641
2019,11,,17.68333385,8.38279995,4.403466549,3.400666571,16.84053314
2019,12,,16.01432281,11.43651608,7.274064426,5.111483765,22.62051605
